gse	truth	claude_pred	gpt4o_pred	claude_tp	claude_fp	claude_fn	claude_match	gpt4o_match	input_tokens	output_tokens	cache_read	error
GSE161826	http://www.ebi.ac.uk/efo/EFO_0000606	http://www.ebi.ac.uk/efo/EFO_0000606	http://www.ebi.ac.uk/efo/EFO_0000606	1	0	0	True	True	19265	107	0	
GSE20402	http://www.ebi.ac.uk/efo/EFO_0007728	http://www.ebi.ac.uk/efo/EFO_0007728	http://www.ebi.ac.uk/efo/EFO_0007728	1	0	0	True	True	4329	129	22723	
GSE27282	http://www.ebi.ac.uk/efo/EFO_0000606,http://www.ebi.ac.uk/efo/EFO_0005184	http://www.ebi.ac.uk/efo/EFO_0000606,http://www.ebi.ac.uk/efo/EFO_0005184	http://www.ebi.ac.uk/efo/EFO_0000606,http://www.ebi.ac.uk/efo/EFO_0005184	2	0	0	True	True	10941	179	22723	
GSE17869	http://www.ebi.ac.uk/efo/EFO_0022397	http://www.ebi.ac.uk/efo/EFO_0022397	http://www.ebi.ac.uk/efo/EFO_0022397	1	0	0	True	True	2966	144	22723	
GSE262291	http://www.ebi.ac.uk/efo/EFO_0020093	http://www.ebi.ac.uk/efo/EFO_0020093	http://www.ebi.ac.uk/efo/EFO_0020093	1	0	0	True	True	16594	155	0	
GSE99114	http://www.ebi.ac.uk/efo/EFO_0022397	http://www.ebi.ac.uk/efo/EFO_0022397	http://www.ebi.ac.uk/efo/EFO_0022397	1	0	0	True	True	3485	107	0	
GSE137534	http://www.ebi.ac.uk/efo/EFO_0022397	http://www.ebi.ac.uk/efo/EFO_0022397	http://www.ebi.ac.uk/efo/EFO_0022397	1	0	0	True	True	3003	105	22723	
GSE80465	http://www.ebi.ac.uk/efo/EFO_0000606	http://gemma.msl.ubc.ca/ont/TGEMO_00193,http://www.ebi.ac.uk/efo/EFO_0022397	http://gemma.msl.ubc.ca/ont/TGEMO_00193,http://www.ebi.ac.uk/efo/EFO_0022397	0	2	1	False	False	7474	179	22723	
GSE46952	http://www.ebi.ac.uk/efo/EFO_0022472	http://www.ebi.ac.uk/efo/EFO_0022472		1	0	0	True	False	6298	127	22723	
GSE422	http://www.ebi.ac.uk/efo/EFO_0000606	http://www.ebi.ac.uk/efo/EFO_0022397	http://www.ebi.ac.uk/efo/EFO_0005181	0	1	1	False	False	1855	120	22723	
GSE106	http://www.ebi.ac.uk/efo/EFO_0000597	http://www.ebi.ac.uk/efo/EFO_0001332	http://www.ebi.ac.uk/efo/EFO_0001332	0	1	1	False	False	1040	126	22723	
GSE57272	http://www.ebi.ac.uk/efo/EFO_0022397	http://www.ebi.ac.uk/efo/EFO_0022397	http://www.ebi.ac.uk/efo/EFO_0022397	1	0	0	True	True	4945	146	22723	
GSE33263	http://www.ebi.ac.uk/efo/EFO_0022397	http://www.ebi.ac.uk/efo/EFO_0022397	http://www.ebi.ac.uk/efo/EFO_0022397	1	0	0	True	True	24728	135	22723	
GSE15324	http://www.ebi.ac.uk/efo/EFO_0022397	http://www.ebi.ac.uk/efo/EFO_0022397	http://www.ebi.ac.uk/efo/EFO_0022397	1	0	0	True	True	8634	192	22723	
GSE229423	http://www.ebi.ac.uk/efo/EFO_0022397			0	0	1	False	False	1914	42	22723	
GSE47966	http://www.ebi.ac.uk/efo/EFO_0022397	http://www.ebi.ac.uk/efo/EFO_0022397	http://www.ebi.ac.uk/efo/EFO_0022397	1	0	0	True	True	27409	106	22723	
GSE281695	http://www.ebi.ac.uk/efo/EFO_0000602	http://www.ebi.ac.uk/efo/EFO_0000602	http://www.ebi.ac.uk/efo/EFO_0000602	1	0	0	True	True	9995	150	22723	
GSE35350	http://www.ebi.ac.uk/efo/EFO_0022483	http://www.ebi.ac.uk/efo/EFO_0022483	http://www.ebi.ac.uk/efo/EFO_0022483	1	0	0	True	True	26120	167	22723	
GSE46298	http://www.ebi.ac.uk/efo/EFO_0000599,http://www.ebi.ac.uk/efo/EFO_0005181	http://www.ebi.ac.uk/efo/EFO_0000599,http://www.ebi.ac.uk/efo/EFO_0000606,http://www.ebi.ac.uk/efo/EFO_0001328	http://www.ebi.ac.uk/efo/EFO_0000597,http://www.ebi.ac.uk/efo/EFO_0005181	1	2	1	False	False	25282	440	0	
GSE72507	http://www.ebi.ac.uk/efo/EFO_0022397	http://www.ebi.ac.uk/efo/EFO_0000606	http://www.ebi.ac.uk/efo/EFO_0000606	0	1	1	False	False	16021	135	22303	
GSE41376	http://www.ebi.ac.uk/efo/EFO_0022397	http://www.ebi.ac.uk/efo/EFO_0022397	http://www.ebi.ac.uk/efo/EFO_0005181	1	0	0	True	False	17557	102	22303	
GSE162445	http://www.ebi.ac.uk/efo/EFO_0022397			0	0	1	False	False	10264	42	22723	
GSE137314	http://www.ebi.ac.uk/efo/EFO_0022397	http://www.ebi.ac.uk/efo/EFO_0000606	http://www.ebi.ac.uk/efo/EFO_0022397	0	1	1	False	True	52659	150	22303	
GSE109834	http://www.ebi.ac.uk/efo/EFO_0000606	http://www.ebi.ac.uk/efo/EFO_0000606	http://www.ebi.ac.uk/efo/EFO_0000606	1	0	0	True	True	3691	131	22303	
GSE156965	http://www.ebi.ac.uk/efo/EFO_0022397	http://www.ebi.ac.uk/efo/EFO_0022397	http://www.ebi.ac.uk/efo/EFO_0022397	1	0	0	True	True	3204	102	22303	
GSE20898	http://www.ebi.ac.uk/efo/EFO_0022397	http://www.ebi.ac.uk/efo/EFO_0022397	http://www.ebi.ac.uk/efo/EFO_0022397	1	0	0	True	True	17846	152	22303	
GSE135608	http://www.ebi.ac.uk/efo/EFO_0000602	http://www.ebi.ac.uk/efo/EFO_0000602	http://www.ebi.ac.uk/efo/EFO_0000602	1	0	0	True	True	1370	100	22303	
GSE48437	http://www.ebi.ac.uk/efo/EFO_0000606			0	0	1	False	False	2515	42	22303	
GSE171912	http://www.ebi.ac.uk/efo/EFO_0022397	http://www.ebi.ac.uk/efo/EFO_0000606	http://www.ebi.ac.uk/efo/EFO_0022397	0	1	1	False	True	11231	146	22723	
GSE199118	http://www.ebi.ac.uk/efo/EFO_0022397	http://www.ebi.ac.uk/efo/EFO_0000606	http://www.ebi.ac.uk/efo/EFO_0022397	0	1	1	False	True	7520	151	22723	
GSE30187	http://www.ebi.ac.uk/efo/EFO_0000606	http://www.ebi.ac.uk/efo/EFO_0000606	http://www.ebi.ac.uk/efo/EFO_0000606	1	0	0	True	True	8780	107	22723	
GSE198669	http://www.ebi.ac.uk/efo/EFO_0022397	http://www.ebi.ac.uk/efo/EFO_0022397	http://www.ebi.ac.uk/efo/EFO_0007732	1	0	0	True	False	13952	172	22723	
GSE245831	http://gemma.msl.ubc.ca/ont/TGEMO_00174	http://www.ebi.ac.uk/efo/EFO_0022397	http://www.ebi.ac.uk/efo/EFO_0022397	0	1	1	False	False	11454	158	22723	
GSE111602	http://www.ebi.ac.uk/efo/EFO_0022397	http://www.ebi.ac.uk/efo/EFO_0022397	http://www.ebi.ac.uk/efo/EFO_0022397	1	0	0	True	True	22056	105	22723	
GSE5944	http://www.ebi.ac.uk/efo/EFO_0000602	http://www.ebi.ac.uk/efo/EFO_0000602	http://www.ebi.ac.uk/efo/EFO_0000602	1	0	0	True	True	3868	146	22723	
GSE67137	http://www.ebi.ac.uk/efo/EFO_0022397	http://www.ebi.ac.uk/efo/EFO_0022397	http://www.ebi.ac.uk/efo/EFO_0022397	1	0	0	True	True	6388	105	22723	
GSE27116	http://www.ebi.ac.uk/efo/EFO_0000597	http://www.ebi.ac.uk/efo/EFO_0000600,http://www.ebi.ac.uk/efo/EFO_0001332	http://www.ebi.ac.uk/efo/EFO_0000600,http://www.ebi.ac.uk/efo/EFO_0001332	0	2	1	False	False	9328	281	22723	
GSE139683	http://www.ebi.ac.uk/efo/EFO_0000606	http://www.ebi.ac.uk/efo/EFO_0000606	http://www.ebi.ac.uk/efo/EFO_0000606	1	0	0	True	True	3838	116	22723	
GSE213574	http://www.ebi.ac.uk/efo/EFO_0022397	http://www.ebi.ac.uk/efo/EFO_0022397	http://www.ebi.ac.uk/efo/EFO_0022397	1	0	0	True	True	9221	125	22723	
GSE140905	http://www.ebi.ac.uk/efo/EFO_0000606	http://www.ebi.ac.uk/efo/EFO_0000606	http://www.ebi.ac.uk/efo/EFO_0000606	1	0	0	True	True	12455	109	22723	
GSE115113	http://www.ebi.ac.uk/efo/EFO_0000606	http://www.ebi.ac.uk/efo/EFO_0000606	http://www.ebi.ac.uk/efo/EFO_0000606	1	0	0	True	True	8251	143	22723	
GSE71126	http://www.ebi.ac.uk/efo/EFO_0000606	http://www.ebi.ac.uk/efo/EFO_0000606	http://www.ebi.ac.uk/efo/EFO_0000597,http://www.ebi.ac.uk/efo/EFO_0000606	1	0	0	True	False	17107	247	22723	
GSE78281	http://www.ebi.ac.uk/efo/EFO_0000606	http://www.ebi.ac.uk/efo/EFO_0000606	http://www.ebi.ac.uk/efo/EFO_0000606	1	0	0	True	True	12435	139	22723	
GSE151272	http://www.ebi.ac.uk/efo/EFO_0022397	http://www.ebi.ac.uk/efo/EFO_0022397	http://www.ebi.ac.uk/efo/EFO_0022397	1	0	0	True	True	4204	105	22723	
GSE46495	http://www.ebi.ac.uk/efo/EFO_0000606,http://www.ebi.ac.uk/efo/EFO_0022397	http://www.ebi.ac.uk/efo/EFO_0000606	http://www.ebi.ac.uk/efo/EFO_0022397	1	0	1	False	False	10383	137	22723	
GSE153454	http://www.ebi.ac.uk/efo/EFO_0022397	http://www.ebi.ac.uk/efo/EFO_0022397	http://www.ebi.ac.uk/efo/EFO_0022397	1	0	0	True	True	7389	105	22723	
GSE92488	http://www.ebi.ac.uk/efo/EFO_0000606	http://www.ebi.ac.uk/efo/EFO_0000606	http://www.ebi.ac.uk/efo/EFO_0000606	1	0	0	True	True	16813	107	22723	
GSE1392	http://www.ebi.ac.uk/efo/EFO_0001329			0	0	1	False	False	1616	42	22723	
GSE25700	http://www.ebi.ac.uk/efo/EFO_0022397	http://www.ebi.ac.uk/efo/EFO_0022397	http://www.ebi.ac.uk/efo/EFO_0022397	1	0	0	True	True	5178	132	22723	
GSE176059	http://www.ebi.ac.uk/efo/EFO_0022397	http://www.ebi.ac.uk/efo/EFO_0022397	http://www.ebi.ac.uk/efo/EFO_0022397	1	0	0	True	True	11196	154	22723	
GSE140715	http://www.ebi.ac.uk/efo/EFO_0022397	http://www.ebi.ac.uk/efo/EFO_0022397	http://www.ebi.ac.uk/efo/EFO_0022397	1	0	0	True	True	2235	105	22723	
GSE55485	http://www.ebi.ac.uk/efo/EFO_0022397	http://www.ebi.ac.uk/efo/EFO_0022397	http://www.ebi.ac.uk/efo/EFO_0022397	1	0	0	True	True	7575	191	22723	
GSE8434	http://www.ebi.ac.uk/efo/EFO_0022397	http://gemma.msl.ubc.ca/ont/TGEMO_00039	http://www.ebi.ac.uk/efo/EFO_0000597,http://www.ebi.ac.uk/efo/EFO_0022397	0	1	1	False	False	1246	125	22723	
GSE31972	http://www.ebi.ac.uk/efo/EFO_0005180	http://www.ebi.ac.uk/efo/EFO_0005180	http://www.ebi.ac.uk/efo/EFO_0005180	1	0	0	True	True	6078	158	22723	
GSE151275	http://www.ebi.ac.uk/efo/EFO_0022397	http://www.ebi.ac.uk/efo/EFO_0022397	http://www.ebi.ac.uk/efo/EFO_0022397	1	0	0	True	True	9530	143	22723	
GSE48369	http://www.ebi.ac.uk/efo/EFO_0022397	http://www.ebi.ac.uk/efo/EFO_0022397	http://www.ebi.ac.uk/efo/EFO_0022397	1	0	0	True	True	8004	105	22723	
GSE181539	http://www.ebi.ac.uk/efo/EFO_0022397	http://www.ebi.ac.uk/efo/EFO_0022397	http://www.ebi.ac.uk/efo/EFO_0022397	1	0	0	True	True	9758	105	22723	
GSE109906	http://www.ebi.ac.uk/efo/EFO_0022397	http://www.ebi.ac.uk/efo/EFO_0022397	http://www.ebi.ac.uk/efo/EFO_0022397	1	0	0	True	True	9340	137	22723	
GSE398	http://www.ebi.ac.uk/efo/EFO_0022397	http://www.ebi.ac.uk/efo/EFO_0022397	http://www.ebi.ac.uk/efo/EFO_0022397	1	0	0	True	True	1438	116	22723	
GSE189066	http://www.ebi.ac.uk/efo/EFO_0022397	http://www.ebi.ac.uk/efo/EFO_0022397	http://www.ebi.ac.uk/efo/EFO_0022397	1	0	0	True	True	1976	105	22723	
GSE223300	http://www.ebi.ac.uk/efo/EFO_0022397	http://www.ebi.ac.uk/efo/EFO_0022397	http://www.ebi.ac.uk/efo/EFO_0005181	1	0	0	True	False	12529	102	22723	
GSE143164	http://www.ebi.ac.uk/efo/EFO_0022397	http://www.ebi.ac.uk/efo/EFO_0022397	http://www.ebi.ac.uk/efo/EFO_0022397	1	0	0	True	True	17090	105	22723	
GSE3565	http://www.ebi.ac.uk/efo/EFO_0000601	http://www.ebi.ac.uk/efo/EFO_0000601	http://www.ebi.ac.uk/efo/EFO_0000597,http://www.ebi.ac.uk/efo/EFO_0022397	1	0	0	True	False	4200	153	22723	
GSE10224	http://www.ebi.ac.uk/efo/EFO_0022483	http://www.ebi.ac.uk/efo/EFO_0007728	http://www.ebi.ac.uk/efo/EFO_0022467	0	1	1	False	False	2789	192	22723	
GSE117327	http://www.ebi.ac.uk/efo/EFO_0000606	http://www.ebi.ac.uk/efo/EFO_0000606	http://www.ebi.ac.uk/efo/EFO_0000606	1	0	0	True	True	3686	107	22723	
GSE49949	http://www.ebi.ac.uk/efo/EFO_0022397	http://www.ebi.ac.uk/efo/EFO_0000597,http://www.ebi.ac.uk/efo/EFO_0022397,http://www.ebi.ac.uk/efo/EFO_0022467	http://www.ebi.ac.uk/efo/EFO_0022397	1	2	0	False	True	18494	317	22723	
GSE50851	http://www.ebi.ac.uk/efo/EFO_0000606	http://www.ebi.ac.uk/efo/EFO_0000606	http://www.ebi.ac.uk/efo/EFO_0000606,http://www.ebi.ac.uk/efo/EFO_0005180	1	0	0	True	False	15190	173	22723	
GSE47150	http://www.ebi.ac.uk/efo/EFO_0000606	http://www.ebi.ac.uk/efo/EFO_0000606	http://www.ebi.ac.uk/efo/EFO_0000606	1	0	0	True	True	10153	142	22723	
GSE75778	http://www.ebi.ac.uk/efo/EFO_0022483	http://www.ebi.ac.uk/efo/EFO_0022483	http://www.ebi.ac.uk/efo/EFO_0022467	1	0	0	True	False	14283	147	22723	
GSE87586	http://www.ebi.ac.uk/efo/EFO_0000606,http://www.ebi.ac.uk/efo/EFO_0022478	http://www.ebi.ac.uk/efo/EFO_0000606,http://www.ebi.ac.uk/efo/EFO_0005184,http://www.ebi.ac.uk/efo/EFO_0022478	http://www.ebi.ac.uk/efo/EFO_0000606,http://www.ebi.ac.uk/efo/EFO_0005184	2	1	0	False	False	29577	329	22723	
GSE63143	http://www.ebi.ac.uk/efo/EFO_0000606	http://www.ebi.ac.uk/efo/EFO_0000606	http://www.ebi.ac.uk/efo/EFO_0000606	1	0	0	True	True	5282	148	22723	
GSE217364	http://www.ebi.ac.uk/efo/EFO_0022397	http://www.ebi.ac.uk/efo/EFO_0000606	http://www.ebi.ac.uk/efo/EFO_0022397	0	1	1	False	True	8925	135	22723	
GSE57314	http://www.ebi.ac.uk/efo/EFO_0005180	http://www.ebi.ac.uk/efo/EFO_0005180	http://www.ebi.ac.uk/efo/EFO_0005180	1	0	0	True	True	1697	106	22723	
GSE115495	http://www.ebi.ac.uk/efo/EFO_0022397	http://www.ebi.ac.uk/efo/EFO_0022397	http://www.ebi.ac.uk/efo/EFO_0022397	1	0	0	True	True	14133	207	22723	
GSE180053	http://www.ebi.ac.uk/efo/EFO_0022397	http://www.ebi.ac.uk/efo/EFO_0022397	http://www.ebi.ac.uk/efo/EFO_0005181	1	0	0	True	False	13127	116	22723	
GSE68151	http://www.ebi.ac.uk/efo/EFO_0022397	http://www.ebi.ac.uk/efo/EFO_0022397	http://www.ebi.ac.uk/efo/EFO_0022397	1	0	0	True	True	2940	135	22723	
GSE39911	http://www.ebi.ac.uk/efo/EFO_0000599	http://www.ebi.ac.uk/efo/EFO_0000600	http://www.ebi.ac.uk/efo/EFO_0000599,http://www.ebi.ac.uk/efo/EFO_0022397	0	1	1	False	False	17267	193	22723	
GSE139007	http://www.ebi.ac.uk/efo/EFO_0000602	http://www.ebi.ac.uk/efo/EFO_0000602	http://www.ebi.ac.uk/efo/EFO_0000602	1	0	0	True	True	12587	184	22723	
GSE158582	http://www.ebi.ac.uk/efo/EFO_0022397	http://www.ebi.ac.uk/efo/EFO_0022397	http://www.ebi.ac.uk/efo/EFO_0022397	1	0	0	True	True	16987	105	22723	
GSE182751	http://www.ebi.ac.uk/efo/EFO_0022397	http://www.ebi.ac.uk/efo/EFO_0022397	http://www.ebi.ac.uk/efo/EFO_0022397	1	0	0	True	True	4781	105	22723	
GSE96685	http://www.ebi.ac.uk/efo/EFO_0022397	http://www.ebi.ac.uk/efo/EFO_0022397	http://www.ebi.ac.uk/efo/EFO_0005181	1	0	0	True	False	14482	104	22723	
GSE24880	http://www.ebi.ac.uk/efo/EFO_0022397	http://www.ebi.ac.uk/efo/EFO_0022397	http://www.ebi.ac.uk/efo/EFO_0022397	1	0	0	True	True	2476	107	22723	
GSE32321	http://www.ebi.ac.uk/efo/EFO_0005180,http://www.ebi.ac.uk/efo/EFO_0022397	http://www.ebi.ac.uk/efo/EFO_0005180,http://www.ebi.ac.uk/efo/EFO_0022397	http://www.ebi.ac.uk/efo/EFO_0005180,http://www.ebi.ac.uk/efo/EFO_0022397	2	0	0	True	True	28294	289	22723	
GSE189544	http://www.ebi.ac.uk/efo/EFO_0000598	http://www.ebi.ac.uk/efo/EFO_0000598	http://www.ebi.ac.uk/efo/EFO_0000598	1	0	0	True	True	14659	140	22723	
GSE46109	http://www.ebi.ac.uk/efo/EFO_0022397	http://www.ebi.ac.uk/efo/EFO_0022397	http://www.ebi.ac.uk/efo/EFO_0022397	1	0	0	True	True	12801	132	22723	
GSE2437	http://www.ebi.ac.uk/efo/EFO_0022397	http://www.ebi.ac.uk/efo/EFO_0022397	http://www.ebi.ac.uk/efo/EFO_0022397	1	0	0	True	True	1392	119	22723	
GSE119904	http://gemma.msl.ubc.ca/ont/TGEMO_00174	http://gemma.msl.ubc.ca/ont/TGEMO_00174	http://gemma.msl.ubc.ca/ont/TGEMO_00174	1	0	0	True	True	2743	106	22723	
GSE189840	http://www.ebi.ac.uk/efo/EFO_0022397	http://www.ebi.ac.uk/efo/EFO_0022397	http://www.ebi.ac.uk/efo/EFO_0022397	1	0	0	True	True	14547	105	22723	
GSE29192	http://www.ebi.ac.uk/efo/EFO_0000601	http://www.ebi.ac.uk/efo/EFO_0000601	http://www.ebi.ac.uk/efo/EFO_0000597,http://www.ebi.ac.uk/efo/EFO_0022397	1	0	0	True	False	9668	117	22723	
GSE232373	http://www.ebi.ac.uk/efo/EFO_0022397	http://www.ebi.ac.uk/efo/EFO_0022397	http://www.ebi.ac.uk/efo/EFO_0022397	1	0	0	True	True	8563	182	22723	
GSE40022	http://www.ebi.ac.uk/efo/EFO_0022397	http://www.ebi.ac.uk/efo/EFO_0022397	http://www.ebi.ac.uk/efo/EFO_0005181	1	0	0	True	False	17823	119	22723	
GSE253183	http://www.ebi.ac.uk/efo/EFO_0022397	http://www.ebi.ac.uk/efo/EFO_0022397	http://www.ebi.ac.uk/efo/EFO_0022397	1	0	0	True	True	7272	150	22723	
GSE164618	http://www.ebi.ac.uk/efo/EFO_0000606	http://gemma.msl.ubc.ca/ont/TGEMO_00174,http://www.ebi.ac.uk/efo/EFO_0000606	http://gemma.msl.ubc.ca/ont/TGEMO_00174,http://www.ebi.ac.uk/efo/EFO_0000606	1	1	0	False	False	11979	176	22723	
GSE110725	http://www.ebi.ac.uk/efo/EFO_0000606	http://www.ebi.ac.uk/efo/EFO_0000606	http://www.ebi.ac.uk/efo/EFO_0000606	1	0	0	True	True	17799	167	22723	
GSE190221	http://www.ebi.ac.uk/efo/EFO_0022397	http://www.ebi.ac.uk/efo/EFO_0022397	http://www.ebi.ac.uk/efo/EFO_0005181	1	0	0	True	False	20028	105	22723	
GSE165558	http://www.ebi.ac.uk/efo/EFO_0000606	http://www.ebi.ac.uk/efo/EFO_0000606	http://www.ebi.ac.uk/efo/EFO_0000606	1	0	0	True	True	3483	134	22723	
GSE98563	http://www.ebi.ac.uk/efo/EFO_0022397	http://www.ebi.ac.uk/efo/EFO_0022397	http://www.ebi.ac.uk/efo/EFO_0022397	1	0	0	True	True	22142	121	22723	
GSE18858	http://www.ebi.ac.uk/efo/EFO_0001340,http://www.ebi.ac.uk/efo/EFO_0022397,http://www.ebi.ac.uk/efo/EFO_0022468	http://www.ebi.ac.uk/efo/EFO_0001340	http://www.ebi.ac.uk/efo/EFO_0001340	1	0	2	False	False	98967	144	22723	
GSE45808	http://www.ebi.ac.uk/efo/EFO_0022397	http://www.ebi.ac.uk/efo/EFO_0022397	http://www.ebi.ac.uk/efo/EFO_0022397	1	0	0	True	True	10286	105	22723	
GSE43825	http://www.ebi.ac.uk/efo/EFO_0022397	http://www.ebi.ac.uk/efo/EFO_0022397	http://www.ebi.ac.uk/efo/EFO_0005181	1	0	0	True	False	6395	104	22723	
GSE87782	http://www.ebi.ac.uk/efo/EFO_0000597	http://www.ebi.ac.uk/efo/EFO_0000597	http://www.ebi.ac.uk/efo/EFO_0000597	1	0	0	True	True	10516	113	22723	
GSE199907	http://www.ebi.ac.uk/efo/EFO_0000606	http://www.ebi.ac.uk/efo/EFO_0000606	http://www.ebi.ac.uk/efo/EFO_0000606	1	0	0	True	True	3856	149	22723	
GSE9945	http://www.ebi.ac.uk/efo/EFO_0000602	http://www.ebi.ac.uk/efo/EFO_0000602	http://www.ebi.ac.uk/efo/EFO_0000602	1	0	0	True	True	9553	183	22723	
GSE225192	http://www.ebi.ac.uk/efo/EFO_0022397	http://www.ebi.ac.uk/efo/EFO_0022397	http://www.ebi.ac.uk/efo/EFO_0005181	1	0	0	True	False	22758	111	22723	
GSE4029	http://www.ebi.ac.uk/efo/EFO_0022387,http://www.ebi.ac.uk/efo/EFO_0022397		http://www.ebi.ac.uk/efo/EFO_0005181	0	0	2	False	False	1977	42	22723	
GSE30908	http://www.ebi.ac.uk/efo/EFO_0000602	http://www.ebi.ac.uk/efo/EFO_0000602	http://www.ebi.ac.uk/efo/EFO_0000602	1	0	0	True	True	13852	155	22723	
GSE92770	http://www.ebi.ac.uk/efo/EFO_0000602	http://www.ebi.ac.uk/efo/EFO_0000602	http://www.ebi.ac.uk/efo/EFO_0000602	1	0	0	True	True	41177	132	22723	
GSE240887	http://www.ebi.ac.uk/efo/EFO_0000606,http://www.ebi.ac.uk/efo/EFO_0022474	http://www.ebi.ac.uk/efo/EFO_0000606,http://www.ebi.ac.uk/efo/EFO_0022474		2	0	0	True	False	29147	321	22723	
GSE225181	http://www.ebi.ac.uk/efo/EFO_0000606	http://www.ebi.ac.uk/efo/EFO_0000606	http://www.ebi.ac.uk/efo/EFO_0022397	1	0	0	True	False	19504	154	22723	
GSE30056	http://www.ebi.ac.uk/efo/EFO_0022397	http://www.ebi.ac.uk/efo/EFO_0022397	http://www.ebi.ac.uk/efo/EFO_0005181	1	0	0	True	False	4594	105	22723	
GSE76103	http://www.ebi.ac.uk/efo/EFO_0000597	http://www.ebi.ac.uk/efo/EFO_0001332	http://www.ebi.ac.uk/efo/EFO_0001332	0	1	1	False	False	5352	149	22723	
GSE66370	http://www.ebi.ac.uk/efo/EFO_0022467	http://www.ebi.ac.uk/efo/EFO_0022467	http://www.ebi.ac.uk/efo/EFO_0007728	1	0	0	True	False	5098	105	22723	
GSE40849	http://www.ebi.ac.uk/efo/EFO_0022483	http://www.ebi.ac.uk/efo/EFO_0022483	http://www.ebi.ac.uk/efo/EFO_0007728	1	0	0	True	False	14823	100	22723	
GSE152750	http://www.ebi.ac.uk/efo/EFO_0000602	http://www.ebi.ac.uk/efo/EFO_0000602	http://www.ebi.ac.uk/efo/EFO_0000602	1	0	0	True	True	7319	103	22723	
GSE107314	http://www.ebi.ac.uk/efo/EFO_0000606	http://www.ebi.ac.uk/efo/EFO_0000606	http://www.ebi.ac.uk/efo/EFO_0000606	1	0	0	True	True	2046	137	22723	
GSE55403	http://www.ebi.ac.uk/efo/EFO_0000597,http://www.ebi.ac.uk/efo/EFO_0022397	http://www.ebi.ac.uk/efo/EFO_0000597,http://www.ebi.ac.uk/efo/EFO_0022397	http://www.ebi.ac.uk/efo/EFO_0000597,http://www.ebi.ac.uk/efo/EFO_0022397	2	0	0	True	True	10335	307	22723	
GSE93570	http://www.ebi.ac.uk/efo/EFO_0000597,http://www.ebi.ac.uk/efo/EFO_0022397	http://www.ebi.ac.uk/efo/EFO_0022397	http://www.ebi.ac.uk/efo/EFO_0000597,http://www.ebi.ac.uk/efo/EFO_0000606	1	0	1	False	False	47206	217	22723	
GSE1806	http://www.ebi.ac.uk/efo/EFO_0005181	http://www.ebi.ac.uk/efo/EFO_0005181	http://www.ebi.ac.uk/efo/EFO_0005181	1	0	0	True	True	1556	120	22723	
GSE72516	http://www.ebi.ac.uk/efo/EFO_0022397	http://www.ebi.ac.uk/efo/EFO_0000606	http://www.ebi.ac.uk/efo/EFO_0000606	0	1	1	False	False	15688	138	22723	
GSE244202	http://www.ebi.ac.uk/efo/EFO_0022397		http://www.ebi.ac.uk/efo/EFO_0022397	0	0	1	False	True	5293	42	22723	
GSE124650	http://www.ebi.ac.uk/efo/EFO_0022397	http://www.ebi.ac.uk/efo/EFO_0022397	http://www.ebi.ac.uk/efo/EFO_0005181	1	0	0	True	False	1681	103	22723	
GSE46591	http://www.ebi.ac.uk/efo/EFO_0022465	http://www.ebi.ac.uk/efo/EFO_0022465	http://www.ebi.ac.uk/efo/EFO_0022465	1	0	0	True	True	4948	118	22723	
GSE202094	http://www.ebi.ac.uk/efo/EFO_0000606	http://www.ebi.ac.uk/efo/EFO_0000606	http://www.ebi.ac.uk/efo/EFO_0000606	1	0	0	True	True	21199	144	22723	
GSE90652	http://www.ebi.ac.uk/efo/EFO_0022397	http://www.ebi.ac.uk/efo/EFO_0022397	http://www.ebi.ac.uk/efo/EFO_0022397	1	0	0	True	True	10565	105	22723	
GSE246160	http://www.ebi.ac.uk/efo/EFO_0000606	http://www.ebi.ac.uk/efo/EFO_0000606	http://www.ebi.ac.uk/efo/EFO_0000606	1	0	0	True	True	9022	134	22723	
GSE195491	http://www.ebi.ac.uk/efo/EFO_0022397	http://www.ebi.ac.uk/efo/EFO_0022397	http://www.ebi.ac.uk/efo/EFO_0022397	1	0	0	True	True	1838	105	22723	
GSE64476	http://www.ebi.ac.uk/efo/EFO_0022397	http://www.ebi.ac.uk/efo/EFO_0022397	http://www.ebi.ac.uk/efo/EFO_0022397	1	0	0	True	True	7602	132	22723	
GSE80978	http://www.ebi.ac.uk/efo/EFO_0022397	http://www.ebi.ac.uk/efo/EFO_0022397	http://www.ebi.ac.uk/efo/EFO_0022397	1	0	0	True	True	1721	123	22723	
GSE102721	http://www.ebi.ac.uk/efo/EFO_0000606	http://www.ebi.ac.uk/efo/EFO_0000606	http://www.ebi.ac.uk/efo/EFO_0000606	1	0	0	True	True	5022	159	22723	
GSE9012	http://www.ebi.ac.uk/efo/EFO_0022397	http://www.ebi.ac.uk/efo/EFO_0022397	http://www.ebi.ac.uk/efo/EFO_0022397	1	0	0	True	True	1660	102	22723	
GSE157689	http://www.ebi.ac.uk/efo/EFO_0000606	http://www.ebi.ac.uk/efo/EFO_0000606	http://www.ebi.ac.uk/efo/EFO_0000606	1	0	0	True	True	2765	108	22723	
GSE166196	http://www.ebi.ac.uk/efo/EFO_0000606	http://www.ebi.ac.uk/efo/EFO_0000606	http://www.ebi.ac.uk/efo/EFO_0000606	1	0	0	True	True	32614	143	22723	
GSE76255	http://www.ebi.ac.uk/efo/EFO_0000606,http://www.ebi.ac.uk/efo/EFO_0005180,http://www.ebi.ac.uk/efo/EFO_0022397	http://www.ebi.ac.uk/efo/EFO_0000606,http://www.ebi.ac.uk/efo/EFO_0005180,http://www.ebi.ac.uk/efo/EFO_0009917	http://www.ebi.ac.uk/efo/EFO_0000606,http://www.ebi.ac.uk/efo/EFO_0009917	2	1	1	False	False	15089	267	22723	
GSE102316	http://www.ebi.ac.uk/efo/EFO_0005180,http://www.ebi.ac.uk/efo/EFO_0009917,http://www.ebi.ac.uk/efo/EFO_0022397	http://www.ebi.ac.uk/efo/EFO_0009917,http://www.ebi.ac.uk/efo/EFO_0022397	http://www.ebi.ac.uk/efo/EFO_0009917,http://www.ebi.ac.uk/efo/EFO_0022397	2	0	1	False	False	22260	168	22723	
GSE4734	http://www.ebi.ac.uk/efo/EFO_0000598,http://www.ebi.ac.uk/efo/EFO_0000606,http://www.ebi.ac.uk/efo/EFO_0001327,http://www.ebi.ac.uk/efo/EFO_0001329,http://www.ebi.ac.uk/efo/EFO_0005184,http://www.ebi.ac.uk/efo/EFO_0007728	http://www.ebi.ac.uk/efo/EFO_0000598,http://www.ebi.ac.uk/efo/EFO_0000606,http://www.ebi.ac.uk/efo/EFO_0001327,http://www.ebi.ac.uk/efo/EFO_0001329,http://www.ebi.ac.uk/efo/EFO_0005184,http://www.ebi.ac.uk/efo/EFO_0007728	http://www.ebi.ac.uk/efo/EFO_0000598,http://www.ebi.ac.uk/efo/EFO_0000606,http://www.ebi.ac.uk/efo/EFO_0001327,http://www.ebi.ac.uk/efo/EFO_0001329,http://www.ebi.ac.uk/efo/EFO_0005184,http://www.ebi.ac.uk/efo/EFO_0007728	6	0	0	True	True	14630	588	22723	
GSE162655	http://www.ebi.ac.uk/efo/EFO_0022397	http://www.ebi.ac.uk/efo/EFO_0022397	http://www.ebi.ac.uk/efo/EFO_0022397	1	0	0	True	True	11950	147	22723	
GSE31840	http://www.ebi.ac.uk/efo/EFO_0022397	http://www.ebi.ac.uk/efo/EFO_0022397	http://www.ebi.ac.uk/efo/EFO_0022397	1	0	0	True	True	11511	125	22723	
GSE199730	http://www.ebi.ac.uk/efo/EFO_0022397	http://www.ebi.ac.uk/efo/EFO_0022397	http://www.ebi.ac.uk/efo/EFO_0022397	1	0	0	True	True	15891	152	22723	
GSE239537	http://www.ebi.ac.uk/efo/EFO_0000606	http://www.ebi.ac.uk/efo/EFO_0022397	http://www.ebi.ac.uk/efo/EFO_0022397	0	1	1	False	False	6219	128	22723	
GSE38672	http://www.ebi.ac.uk/efo/EFO_0000597,http://www.ebi.ac.uk/efo/EFO_0022397,http://www.ebi.ac.uk/efo/EFO_0022467	http://www.ebi.ac.uk/efo/EFO_0000597,http://www.ebi.ac.uk/efo/EFO_0000606,http://www.ebi.ac.uk/efo/EFO_0022467	http://www.ebi.ac.uk/efo/EFO_0000597,http://www.ebi.ac.uk/efo/EFO_0000606,http://www.ebi.ac.uk/efo/EFO_0022467	2	1	1	False	False	1978	270	22723	
GSE181800	http://www.ebi.ac.uk/efo/EFO_0022397	http://www.ebi.ac.uk/efo/EFO_0022397	http://www.ebi.ac.uk/efo/EFO_0022397	1	0	0	True	True	11912	105	22723	
GSE173384	http://www.ebi.ac.uk/efo/EFO_0022397	http://www.ebi.ac.uk/efo/EFO_0022397	http://www.ebi.ac.uk/efo/EFO_0022397	1	0	0	True	True	6315	105	22723	
GSE129144	http://www.ebi.ac.uk/efo/EFO_0022397	http://www.ebi.ac.uk/efo/EFO_0022397	http://www.ebi.ac.uk/efo/EFO_0022397	1	0	0	True	True	28203	105	22723	
GSE99265	http://www.ebi.ac.uk/efo/EFO_0022397	http://www.ebi.ac.uk/efo/EFO_0022397	http://www.ebi.ac.uk/efo/EFO_0022397	1	0	0	True	True	4187	115	22723	
GSE92657	http://www.ebi.ac.uk/efo/EFO_0022397	http://www.ebi.ac.uk/efo/EFO_0022397	http://www.ebi.ac.uk/efo/EFO_0022397	1	0	0	True	True	3016	106	22723	
GSE56709	http://www.ebi.ac.uk/efo/EFO_0000606	http://www.ebi.ac.uk/efo/EFO_0000606	http://www.ebi.ac.uk/efo/EFO_0000606	1	0	0	True	True	2297	107	22723	
GSE63316	http://www.ebi.ac.uk/efo/EFO_0022397	http://www.ebi.ac.uk/efo/EFO_0022397	http://www.ebi.ac.uk/efo/EFO_0022397	1	0	0	True	True	9957	104	22723	
GSE55760	http://www.ebi.ac.uk/efo/EFO_0022397	http://www.ebi.ac.uk/efo/EFO_0022397	http://www.ebi.ac.uk/efo/EFO_0022397	1	0	0	True	True	6428	134	22723	
GSE102239	http://www.ebi.ac.uk/efo/EFO_0000606	http://www.ebi.ac.uk/efo/EFO_0000606	http://www.ebi.ac.uk/efo/EFO_0000606	1	0	0	True	True	6876	146	22723	
GSE48110	http://www.ebi.ac.uk/efo/EFO_0000606	http://www.ebi.ac.uk/efo/EFO_0000606	http://www.ebi.ac.uk/efo/EFO_0000606	1	0	0	True	True	8251	138	22723	
GSE97713	http://www.ebi.ac.uk/efo/EFO_0000598	http://www.ebi.ac.uk/efo/EFO_0000598	http://www.ebi.ac.uk/efo/EFO_0000598	1	0	0	True	True	7131	118	22723	
GSE179698	http://www.ebi.ac.uk/efo/EFO_0022397	http://www.ebi.ac.uk/efo/EFO_0022397	http://www.ebi.ac.uk/efo/EFO_0022397	1	0	0	True	True	4905	105	22723	
GSE58432	http://www.ebi.ac.uk/efo/EFO_0000602	http://www.ebi.ac.uk/efo/EFO_0000602	http://www.ebi.ac.uk/efo/EFO_0000602	1	0	0	True	True	7994	103	22723	
GSE8409	http://www.ebi.ac.uk/efo/EFO_0022397	http://www.ebi.ac.uk/efo/EFO_0022397	http://www.ebi.ac.uk/efo/EFO_0022397	1	0	0	True	True	18530	149	22723	
GSE56907	http://www.ebi.ac.uk/efo/EFO_0005180	http://www.ebi.ac.uk/efo/EFO_0005180,http://www.ebi.ac.uk/efo/EFO_0022471	http://www.ebi.ac.uk/efo/EFO_0005180	1	1	0	False	True	2728	172	22723	
GSE181899	http://www.ebi.ac.uk/efo/EFO_0022397	http://www.ebi.ac.uk/efo/EFO_0022397	http://www.ebi.ac.uk/efo/EFO_0022397	1	0	0	True	True	7877	153	22723	
GSE126851	http://www.ebi.ac.uk/efo/EFO_0022397	http://www.ebi.ac.uk/efo/EFO_0000606,http://www.ebi.ac.uk/efo/EFO_0022397	http://www.ebi.ac.uk/efo/EFO_0000606,http://www.ebi.ac.uk/efo/EFO_0022397	1	1	0	False	False	36970	215	22723	
GSE41303	http://www.ebi.ac.uk/efo/EFO_0000606,http://www.ebi.ac.uk/efo/EFO_0007728	http://www.ebi.ac.uk/efo/EFO_0000606,http://www.ebi.ac.uk/efo/EFO_0007728	http://www.ebi.ac.uk/efo/EFO_0000606,http://www.ebi.ac.uk/efo/EFO_0007728	2	0	0	True	True	12855	242	22723	
GSE228655	http://www.ebi.ac.uk/efo/EFO_0000606	http://www.ebi.ac.uk/efo/EFO_0000606	http://www.ebi.ac.uk/efo/EFO_0000606	1	0	0	True	True	14673	186	22723	
GSE74063	http://www.ebi.ac.uk/efo/EFO_0022397	http://www.ebi.ac.uk/efo/EFO_0022397	http://www.ebi.ac.uk/efo/EFO_0022397	1	0	0	True	True	5771	105	22723	
GSE28056	http://www.ebi.ac.uk/efo/EFO_0000602	http://www.ebi.ac.uk/efo/EFO_0000602	http://www.ebi.ac.uk/efo/EFO_0000602	1	0	0	True	True	9714	145	22723	
GSE13064	http://www.ebi.ac.uk/efo/EFO_0022397	http://www.ebi.ac.uk/efo/EFO_0022397	http://www.ebi.ac.uk/efo/EFO_0022397	1	0	0	True	True	1626	132	22723	
GSE89984	http://www.ebi.ac.uk/efo/EFO_0022397	http://www.ebi.ac.uk/efo/EFO_0022397	http://www.ebi.ac.uk/efo/EFO_0022397	1	0	0	True	True	1639	135	22723	
GSE66312	http://www.ebi.ac.uk/efo/EFO_0005180	http://www.ebi.ac.uk/efo/EFO_0005180	http://www.ebi.ac.uk/efo/EFO_0005180	1	0	0	True	True	2970	117	22723	
GSE235687	http://www.ebi.ac.uk/efo/EFO_0022397	http://www.ebi.ac.uk/efo/EFO_0022397	http://www.ebi.ac.uk/efo/EFO_0022397	1	0	0	True	True	2581	105	22723	
GSE9509	http://www.ebi.ac.uk/efo/EFO_0022397			0	0	1	False	False	2669	42	22723	
GSE21065	http://www.ebi.ac.uk/efo/EFO_0022397	http://www.ebi.ac.uk/efo/EFO_0022397	http://www.ebi.ac.uk/efo/EFO_0022397	1	0	0	True	True	11242	143	22723	
GSE57098	http://www.ebi.ac.uk/efo/EFO_0022397	http://www.ebi.ac.uk/efo/EFO_0022397	http://www.ebi.ac.uk/efo/EFO_0022397	1	0	0	True	True	2410	157	22723	
GSE62194	http://www.ebi.ac.uk/efo/EFO_0022397	http://www.ebi.ac.uk/efo/EFO_0022397	http://www.ebi.ac.uk/efo/EFO_0022397	1	0	0	True	True	22010	129	22723	
GSE45793	http://www.ebi.ac.uk/efo/EFO_0000606,http://www.ebi.ac.uk/efo/EFO_0022397	http://www.ebi.ac.uk/efo/EFO_0022397	http://www.ebi.ac.uk/efo/EFO_0022397	1	0	1	False	False	55545	155	22723	
GSE30661	http://www.ebi.ac.uk/efo/EFO_0000606	http://www.ebi.ac.uk/efo/EFO_0000606	http://www.ebi.ac.uk/efo/EFO_0000606	1	0	0	True	True	3054	132	22723	
GSE86609	http://www.ebi.ac.uk/efo/EFO_0022397	http://www.ebi.ac.uk/efo/EFO_0005181	http://www.ebi.ac.uk/efo/EFO_0005181	0	1	1	False	False	5500	102	22723	
GSE233669	http://www.ebi.ac.uk/efo/EFO_0000606,http://www.ebi.ac.uk/efo/EFO_0001329	http://www.ebi.ac.uk/efo/EFO_0000606,http://www.ebi.ac.uk/efo/EFO_0001329	http://www.ebi.ac.uk/efo/EFO_0000606,http://www.ebi.ac.uk/efo/EFO_0001329	2	0	0	True	True	33671	258	22723	
GSE60389	http://www.ebi.ac.uk/efo/EFO_0000606,http://www.ebi.ac.uk/efo/EFO_0022397	http://www.ebi.ac.uk/efo/EFO_0007732	http://www.ebi.ac.uk/efo/EFO_0007732	0	1	2	False	False	10347	107	22723	
GSE174076	http://www.ebi.ac.uk/efo/EFO_0022397	http://www.ebi.ac.uk/efo/EFO_0007732	http://www.ebi.ac.uk/efo/EFO_0007732	0	1	1	False	False	24219	144	22723	
GSE43526	http://www.ebi.ac.uk/efo/EFO_0000606	http://www.ebi.ac.uk/efo/EFO_0010946,http://www.ebi.ac.uk/efo/EFO_0022397	http://www.ebi.ac.uk/efo/EFO_0010946,http://www.ebi.ac.uk/efo/EFO_0022397	0	2	1	False	False	6423	187	22723	
GSE165922	http://www.ebi.ac.uk/efo/EFO_0005184,http://www.ebi.ac.uk/efo/EFO_0022397,http://www.ebi.ac.uk/efo/EFO_0022419	http://www.ebi.ac.uk/efo/EFO_0022397,http://www.ebi.ac.uk/efo/EFO_0022419	http://www.ebi.ac.uk/efo/EFO_0022397,http://www.ebi.ac.uk/efo/EFO_0022419	2	0	1	False	False	12857	164	22723	
GSE13753	http://www.ebi.ac.uk/efo/EFO_0000599,http://www.ebi.ac.uk/efo/EFO_0022397	http://gemma.msl.ubc.ca/ont/TGEMO_00039	http://www.ebi.ac.uk/efo/EFO_0000599,http://www.ebi.ac.uk/efo/EFO_0022397	0	1	2	False	True	2172	138	22723	
GSE868	http://www.ebi.ac.uk/efo/EFO_0000606	http://www.ebi.ac.uk/efo/EFO_0000606	http://www.ebi.ac.uk/efo/EFO_0000606	1	0	0	True	True	1960	108	22723	
GSE36674	http://www.ebi.ac.uk/efo/EFO_0000606	http://www.ebi.ac.uk/efo/EFO_0000606,http://www.ebi.ac.uk/efo/EFO_0005184,http://www.ebi.ac.uk/efo/EFO_0022478	http://www.ebi.ac.uk/efo/EFO_0000606,http://www.ebi.ac.uk/efo/EFO_0005184,http://www.ebi.ac.uk/efo/EFO_0022478	1	2	0	False	False	14455	301	22723	
GSE4810	http://www.ebi.ac.uk/efo/EFO_0022397			0	0	1	False	False	2714	42	22723	
GSE27309	http://www.ebi.ac.uk/efo/EFO_0000597	http://www.ebi.ac.uk/efo/EFO_0000597	http://www.ebi.ac.uk/efo/EFO_0000597	1	0	0	True	True	4689	154	22723	
GSE59506	http://www.ebi.ac.uk/efo/EFO_0005180	http://www.ebi.ac.uk/efo/EFO_0005180	http://www.ebi.ac.uk/efo/EFO_0005180	1	0	0	True	True	8828	146	22723	
GSE76587	http://www.ebi.ac.uk/efo/EFO_0022397	http://www.ebi.ac.uk/efo/EFO_0022397	http://www.ebi.ac.uk/efo/EFO_0022397	1	0	0	True	True	2146	105	22723	
GSE208014	http://www.ebi.ac.uk/efo/EFO_0000606	http://www.ebi.ac.uk/efo/EFO_0000606	http://www.ebi.ac.uk/efo/EFO_0000606	1	0	0	True	True	9243	144	22723	
GSE110491	http://www.ebi.ac.uk/efo/EFO_0022397	http://www.ebi.ac.uk/efo/EFO_0000601	http://www.ebi.ac.uk/efo/EFO_0000597,http://www.ebi.ac.uk/efo/EFO_0022397	0	1	1	False	False	16909	165	22723	
GSE225764	http://www.ebi.ac.uk/efo/EFO_0022397	http://www.ebi.ac.uk/efo/EFO_0022397	http://www.ebi.ac.uk/efo/EFO_0022397	1	0	0	True	True	16759	105	22723	
GSE162100	http://www.ebi.ac.uk/efo/EFO_0000606	http://www.ebi.ac.uk/efo/EFO_0000606	http://www.ebi.ac.uk/efo/EFO_0000606	1	0	0	True	True	3453	107	22723	
GSE48191	http://www.ebi.ac.uk/efo/EFO_0000606			0	0	1	False	False	1907	42	22723	
GSE66442	http://www.ebi.ac.uk/efo/EFO_0000606,http://www.ebi.ac.uk/efo/EFO_0022397	http://www.ebi.ac.uk/efo/EFO_0000606,http://www.ebi.ac.uk/efo/EFO_0022397	http://www.ebi.ac.uk/efo/EFO_0000606,http://www.ebi.ac.uk/efo/EFO_0022397	2	0	0	True	True	18668	171	22723	
GSE140180	http://www.ebi.ac.uk/efo/EFO_0022397	http://www.ebi.ac.uk/efo/EFO_0022397	http://www.ebi.ac.uk/efo/EFO_0022397	1	0	0	True	True	4128	106	22723	
GSE154506	http://www.ebi.ac.uk/efo/EFO_0022397	http://www.ebi.ac.uk/efo/EFO_0022397	http://www.ebi.ac.uk/efo/EFO_0022397	1	0	0	True	True	14511	136	22723	
GSE21860	http://www.ebi.ac.uk/efo/EFO_0000606	http://www.ebi.ac.uk/efo/EFO_0000606	http://www.ebi.ac.uk/efo/EFO_0000606	1	0	0	True	True	5700	154	22723	
GSE64811	http://www.ebi.ac.uk/efo/EFO_0022397	http://www.ebi.ac.uk/efo/EFO_0022397	http://www.ebi.ac.uk/efo/EFO_0022397	1	0	0	True	True	2521	105	22723	
GSE268171	http://www.ebi.ac.uk/efo/EFO_0000599,http://www.ebi.ac.uk/efo/EFO_0022397	http://www.ebi.ac.uk/efo/EFO_0000601		0	1	2	False	False	12301	170	22723	
GSE33860	http://www.ebi.ac.uk/efo/EFO_0022397	http://www.ebi.ac.uk/efo/EFO_0022397	http://www.ebi.ac.uk/efo/EFO_0022397	1	0	0	True	True	4611	105	22723	
GSE190984	http://www.ebi.ac.uk/efo/EFO_0022397	http://www.ebi.ac.uk/efo/EFO_0022397	http://www.ebi.ac.uk/efo/EFO_0022397	1	0	0	True	True	10628	186	22723	
GSE377	http://www.ebi.ac.uk/efo/EFO_0022397	http://www.ebi.ac.uk/efo/EFO_0022397	http://www.ebi.ac.uk/efo/EFO_0022397	1	0	0	True	True	1160	161	22723	
GSE51678	http://www.ebi.ac.uk/efo/EFO_0000606	http://www.ebi.ac.uk/efo/EFO_0000606	http://www.ebi.ac.uk/efo/EFO_0000606	1	0	0	True	True	2033	110	22723	
GSE267339	http://www.ebi.ac.uk/efo/EFO_0000606	http://www.ebi.ac.uk/efo/EFO_0000606	http://www.ebi.ac.uk/efo/EFO_0000606	1	0	0	True	True	8410	134	22723	
GSE19496	http://www.ebi.ac.uk/efo/EFO_0000604,http://www.ebi.ac.uk/efo/EFO_0001327,http://www.ebi.ac.uk/efo/EFO_0022397	http://www.ebi.ac.uk/efo/EFO_0001327,http://www.ebi.ac.uk/efo/EFO_0022397	http://www.ebi.ac.uk/efo/EFO_0001327,http://www.ebi.ac.uk/efo/EFO_0005181	2	0	1	False	False	4823	159	22723	
GSE4675	http://www.ebi.ac.uk/efo/EFO_0022397	http://www.ebi.ac.uk/efo/EFO_0022397	http://www.ebi.ac.uk/efo/EFO_0022397	1	0	0	True	True	17745	144	22723	
GSE77001	http://www.ebi.ac.uk/efo/EFO_0022397	http://www.ebi.ac.uk/efo/EFO_0007732	http://www.ebi.ac.uk/efo/EFO_0020093	0	1	1	False	False	1938	148	22723	
GSE141066	http://www.ebi.ac.uk/efo/EFO_0022472	http://www.ebi.ac.uk/efo/EFO_0022472	http://www.ebi.ac.uk/efo/EFO_0022472	1	0	0	True	True	10469	133	22723	
GSE23101	http://www.ebi.ac.uk/efo/EFO_0000606	http://www.ebi.ac.uk/efo/EFO_0000606	http://www.ebi.ac.uk/efo/EFO_0000606	1	0	0	True	True	3888	135	22723	
GSE7536	http://www.ebi.ac.uk/efo/EFO_0007735	http://www.ebi.ac.uk/efo/EFO_0007735	http://www.ebi.ac.uk/efo/EFO_0007735	1	0	0	True	True	159597	148	22723	
GSE70171	http://www.ebi.ac.uk/efo/EFO_0000606	http://www.ebi.ac.uk/efo/EFO_0000606	http://www.ebi.ac.uk/efo/EFO_0000606	1	0	0	True	True	5521	165	22723	
GSE26766	http://www.ebi.ac.uk/efo/EFO_0000606	http://www.ebi.ac.uk/efo/EFO_0000606	http://www.ebi.ac.uk/efo/EFO_0000606	1	0	0	True	True	10658	130	22723	
GSE220460	http://www.ebi.ac.uk/efo/EFO_0022397	http://www.ebi.ac.uk/efo/EFO_0022397	http://www.ebi.ac.uk/efo/EFO_0022397	1	0	0	True	True	2397	106	22723	
GSE21307	http://www.ebi.ac.uk/efo/EFO_0022397	http://www.ebi.ac.uk/efo/EFO_0022397	http://www.ebi.ac.uk/efo/EFO_0022397	1	0	0	True	True	18498	128	22723	
GSE60847	http://www.ebi.ac.uk/efo/EFO_0000606	http://www.ebi.ac.uk/efo/EFO_0000606	http://www.ebi.ac.uk/efo/EFO_0000606,http://www.ebi.ac.uk/efo/EFO_0022412	1	0	0	True	False	25850	137	22723	
GSE195953	http://www.ebi.ac.uk/efo/EFO_0022397	http://www.ebi.ac.uk/efo/EFO_0007732	http://www.ebi.ac.uk/efo/EFO_0022397	0	1	1	False	True	12031	204	22723	
GSE28621	http://www.ebi.ac.uk/efo/EFO_0022397	http://www.ebi.ac.uk/efo/EFO_0022397	http://www.ebi.ac.uk/efo/EFO_0022397	1	0	0	True	True	4350	141	22723	
GSE224780	http://www.ebi.ac.uk/efo/EFO_0022397	http://www.ebi.ac.uk/efo/EFO_0022397	http://www.ebi.ac.uk/efo/EFO_0022397	1	0	0	True	True	18672	105	22723	
GSE71628	http://www.ebi.ac.uk/efo/EFO_0022397	http://www.ebi.ac.uk/efo/EFO_0022397	http://www.ebi.ac.uk/efo/EFO_0022397	1	0	0	True	True	12891	144	22723	
GSE8679	http://www.ebi.ac.uk/efo/EFO_0000606	http://www.ebi.ac.uk/efo/EFO_0000606	http://www.ebi.ac.uk/efo/EFO_0000606	1	0	0	True	True	2186	108	22723	
GSE84302	http://www.ebi.ac.uk/efo/EFO_0022397	http://www.ebi.ac.uk/efo/EFO_0022397	http://www.ebi.ac.uk/efo/EFO_0022397	1	0	0	True	True	2599	105	22723	
GSE197105	http://www.ebi.ac.uk/efo/EFO_0022397	http://www.ebi.ac.uk/efo/EFO_0022397	http://www.ebi.ac.uk/efo/EFO_0005181	1	0	0	True	False	26009	105	22723	
GSE74456	http://www.ebi.ac.uk/efo/EFO_0022397	http://www.ebi.ac.uk/efo/EFO_0022397	http://www.ebi.ac.uk/efo/EFO_0022397	1	0	0	True	True	3788	106	22723	
GSE63412	http://www.ebi.ac.uk/efo/EFO_0022397	http://www.ebi.ac.uk/efo/EFO_0000606	http://www.ebi.ac.uk/efo/EFO_0000606	0	1	1	False	False	8974	130	22723	
GSE46942	http://www.ebi.ac.uk/efo/EFO_0022397	http://www.ebi.ac.uk/efo/EFO_0022397	http://www.ebi.ac.uk/efo/EFO_0022397	1	0	0	True	True	5843	124	22723	
GSE19675	http://www.ebi.ac.uk/efo/EFO_0022397	http://gemma.msl.ubc.ca/ont/TGEMO_00039	http://www.ebi.ac.uk/efo/EFO_0000599,http://www.ebi.ac.uk/efo/EFO_0022397	0	1	1	False	False	5695	152	22723	
GSE36033	http://www.ebi.ac.uk/efo/EFO_0022397	http://www.ebi.ac.uk/efo/EFO_0022397	http://www.ebi.ac.uk/efo/EFO_0022397	1	0	0	True	True	9212	169	22723	
GSE191038	http://www.ebi.ac.uk/efo/EFO_0022397	http://www.ebi.ac.uk/efo/EFO_0022397	http://www.ebi.ac.uk/efo/EFO_0022397	1	0	0	True	True	12804	105	22723	
GSE43575	http://www.ebi.ac.uk/efo/EFO_0000606	http://www.ebi.ac.uk/efo/EFO_0000606	http://www.ebi.ac.uk/efo/EFO_0000606,http://www.ebi.ac.uk/efo/EFO_0007726	1	0	0	True	False	11697	162	22723	
GSE270687	http://www.ebi.ac.uk/efo/EFO_0000606	http://www.ebi.ac.uk/efo/EFO_0000606	http://www.ebi.ac.uk/efo/EFO_0000606	1	0	0	True	True	11389	152	22723	
GSE248692	http://www.ebi.ac.uk/efo/EFO_0022397			0	0	1	False	False	2424	42	22723	
GSE70800	http://www.ebi.ac.uk/efo/EFO_0022397	http://www.ebi.ac.uk/efo/EFO_0022397	http://www.ebi.ac.uk/efo/EFO_0022397	1	0	0	True	True	7253	135	22723	
GSE38737	http://www.ebi.ac.uk/efo/EFO_0000606	http://www.ebi.ac.uk/efo/EFO_0000597,http://www.ebi.ac.uk/efo/EFO_0000606,http://www.ebi.ac.uk/efo/EFO_0022483	http://www.ebi.ac.uk/efo/EFO_0000606	1	2	0	False	True	4858	262	22723	
GSE136788	http://www.ebi.ac.uk/efo/EFO_0022397	http://www.ebi.ac.uk/efo/EFO_0022397	http://www.ebi.ac.uk/efo/EFO_0022397	1	0	0	True	True	3381	105	22723	
GSE240751	http://www.ebi.ac.uk/efo/EFO_0000606	http://www.ebi.ac.uk/efo/EFO_0000606	http://www.ebi.ac.uk/efo/EFO_0000606	1	0	0	True	True	9029	148	22723	
GSE52474	http://www.ebi.ac.uk/efo/EFO_0001329	http://www.ebi.ac.uk/efo/EFO_0001329	http://www.ebi.ac.uk/efo/EFO_0001329	1	0	0	True	True	39739	142	22723	
GSE43971	http://www.ebi.ac.uk/efo/EFO_0000598,http://www.ebi.ac.uk/efo/EFO_0005180	http://www.ebi.ac.uk/efo/EFO_0000598,http://www.ebi.ac.uk/efo/EFO_0005180	http://www.ebi.ac.uk/efo/EFO_0000598,http://www.ebi.ac.uk/efo/EFO_0005180	2	0	0	True	True	23495	171	22723	
GSE119498	http://www.ebi.ac.uk/efo/EFO_0000606	http://www.ebi.ac.uk/efo/EFO_0000606	http://www.ebi.ac.uk/efo/EFO_0000606	1	0	0	True	True	22698	107	22723	
GSE47110	http://www.ebi.ac.uk/efo/EFO_0022397	http://www.ebi.ac.uk/efo/EFO_0022397	http://www.ebi.ac.uk/efo/EFO_0005181	1	0	0	True	False	7821	105	22723	
GSE132253	http://www.ebi.ac.uk/efo/EFO_0022397	http://www.ebi.ac.uk/efo/EFO_0022397	http://www.ebi.ac.uk/efo/EFO_0022397	1	0	0	True	True	6287	105	22723	
GSE139428	http://www.ebi.ac.uk/efo/EFO_0022397	http://www.ebi.ac.uk/efo/EFO_0022397	http://www.ebi.ac.uk/efo/EFO_0022397	1	0	0	True	True	16771	107	22723	
GSE183341	http://www.ebi.ac.uk/efo/EFO_0022397	http://www.ebi.ac.uk/efo/EFO_0022397	http://www.ebi.ac.uk/efo/EFO_0022397	1	0	0	True	True	7367	105	22723	
GSE72811	http://www.ebi.ac.uk/efo/EFO_0000606	http://www.ebi.ac.uk/efo/EFO_0000606	http://www.ebi.ac.uk/efo/EFO_0000606	1	0	0	True	True	22634	134	22723	
GSE195582	http://www.ebi.ac.uk/efo/EFO_0022397	http://www.ebi.ac.uk/efo/EFO_0022397	http://www.ebi.ac.uk/efo/EFO_0005181	1	0	0	True	False	9546	124	22723	
GSE160263	http://www.ebi.ac.uk/efo/EFO_0022397	http://www.ebi.ac.uk/efo/EFO_0022397	http://www.ebi.ac.uk/efo/EFO_0022397	1	0	0	True	True	11322	130	22723	
GSE104031	http://www.ebi.ac.uk/efo/EFO_0005180,http://www.ebi.ac.uk/efo/EFO_0009917,http://www.ebi.ac.uk/efo/EFO_0022397	http://www.ebi.ac.uk/efo/EFO_0009917,http://www.ebi.ac.uk/efo/EFO_0022397	http://www.ebi.ac.uk/efo/EFO_0005181,http://www.ebi.ac.uk/efo/EFO_0009917	2	0	1	False	False	3058	168	22723	
GSE35386	http://www.ebi.ac.uk/efo/EFO_0022397,http://www.ebi.ac.uk/efo/EFO_0022483	http://www.ebi.ac.uk/efo/EFO_0022397,http://www.ebi.ac.uk/efo/EFO_0022483	http://www.ebi.ac.uk/efo/EFO_0022397,http://www.ebi.ac.uk/efo/EFO_0022483	2	0	0	True	True	12118	276	22723	
GSE41908	http://www.ebi.ac.uk/efo/EFO_0022397	http://www.ebi.ac.uk/efo/EFO_0022397	http://www.ebi.ac.uk/efo/EFO_0022397	1	0	0	True	True	8609	105	22723	
GSE43927	http://www.ebi.ac.uk/efo/EFO_0022397	http://www.ebi.ac.uk/efo/EFO_0022397	http://www.ebi.ac.uk/efo/EFO_0022397	1	0	0	True	True	10481	144	22723	
GSE69390	http://www.ebi.ac.uk/efo/EFO_0001336,http://www.ebi.ac.uk/efo/EFO_0022397	http://www.ebi.ac.uk/efo/EFO_0001336,http://www.ebi.ac.uk/efo/EFO_0022397	http://www.ebi.ac.uk/efo/EFO_0001336,http://www.ebi.ac.uk/efo/EFO_0022397	2	0	0	True	True	2993	195	22723	
GSE63299	http://www.ebi.ac.uk/efo/EFO_0001329	http://www.ebi.ac.uk/efo/EFO_0022468	http://www.ebi.ac.uk/efo/EFO_0001329	0	1	1	False	True	10290	103	22723	
GSE153138	http://www.ebi.ac.uk/efo/EFO_0022397	http://www.ebi.ac.uk/efo/EFO_0007732	http://www.ebi.ac.uk/efo/EFO_0007732	0	1	1	False	False	4729	152	22723	
GSE154277	http://www.ebi.ac.uk/efo/EFO_0000599,http://www.ebi.ac.uk/efo/EFO_0022397	http://www.ebi.ac.uk/efo/EFO_0000601	http://www.ebi.ac.uk/efo/EFO_0000597,http://www.ebi.ac.uk/efo/EFO_0022397	0	1	2	False	False	15557	117	22723	
GSE143206	http://www.ebi.ac.uk/efo/EFO_0022397	http://www.ebi.ac.uk/efo/EFO_0022397	http://www.ebi.ac.uk/efo/EFO_0022397	1	0	0	True	True	17564	105	22723	
GSE34549	http://www.ebi.ac.uk/efo/EFO_0000606	http://www.ebi.ac.uk/efo/EFO_0000606	http://www.ebi.ac.uk/efo/EFO_0000606	1	0	0	True	True	11637	172	22723	
GSE137052	http://www.ebi.ac.uk/efo/EFO_0000606	http://www.ebi.ac.uk/efo/EFO_0000606	http://www.ebi.ac.uk/efo/EFO_0000606	1	0	0	True	True	12888	182	22723	
GSE66492	http://www.ebi.ac.uk/efo/EFO_0000602			0	0	1	False	False	6421	42	22723	
GSE248542	http://www.ebi.ac.uk/efo/EFO_0009917	http://www.ebi.ac.uk/efo/EFO_0009917	http://www.ebi.ac.uk/efo/EFO_0009917	1	0	0	True	True	4458	104	22723	
GSE43301	http://www.ebi.ac.uk/efo/EFO_0022397		http://www.ebi.ac.uk/efo/EFO_0022397	0	0	1	False	True	16633	8	22723	
GSE150267	http://www.ebi.ac.uk/efo/EFO_0022397	http://www.ebi.ac.uk/efo/EFO_0022397	http://www.ebi.ac.uk/efo/EFO_0022397	1	0	0	True	True	2584	105	22723	
GSE209970	http://www.ebi.ac.uk/efo/EFO_0022397	http://www.ebi.ac.uk/efo/EFO_0022397	http://www.ebi.ac.uk/efo/EFO_0022397	1	0	0	True	True	4414	105	22723	
GSE92905	http://www.ebi.ac.uk/efo/EFO_0000599	http://www.ebi.ac.uk/efo/EFO_0000599	http://www.ebi.ac.uk/efo/EFO_0000599	1	0	0	True	True	2291	103	22723	
GSE6595	http://www.ebi.ac.uk/efo/EFO_0005184,http://www.ebi.ac.uk/efo/EFO_0022397		http://www.ebi.ac.uk/efo/EFO_0005181	0	0	2	False	False	6523	42	22723	
GSE24071	http://www.ebi.ac.uk/efo/EFO_0000606	http://www.ebi.ac.uk/efo/EFO_0000606	http://www.ebi.ac.uk/efo/EFO_0000606	1	0	0	True	True	2140	107	22723	
GSE161764	http://www.ebi.ac.uk/efo/EFO_0000606	http://www.ebi.ac.uk/efo/EFO_0000606	http://www.ebi.ac.uk/efo/EFO_0000606	1	0	0	True	True	12706	150	22723	
GSE85290	http://www.ebi.ac.uk/efo/EFO_0022397	http://www.ebi.ac.uk/efo/EFO_0022397	http://www.ebi.ac.uk/efo/EFO_0022397	1	0	0	True	True	1607	105	22723	
GSE244883	http://www.ebi.ac.uk/efo/EFO_0005180	http://www.ebi.ac.uk/efo/EFO_0005180	http://www.ebi.ac.uk/efo/EFO_0005180	1	0	0	True	True	4233	129	22723	
GSE22935	http://www.ebi.ac.uk/efo/EFO_0000606	http://www.ebi.ac.uk/efo/EFO_0000606	http://www.ebi.ac.uk/efo/EFO_0000606	1	0	0	True	True	6670	148	22723	
GSE199664	http://www.ebi.ac.uk/efo/EFO_0000606	http://www.ebi.ac.uk/efo/EFO_0000606	http://www.ebi.ac.uk/efo/EFO_0000606	1	0	0	True	True	27249	107	22723	
GSE94925	http://www.ebi.ac.uk/efo/EFO_0009917	http://www.ebi.ac.uk/efo/EFO_0009917	http://www.ebi.ac.uk/efo/EFO_0009917	1	0	0	True	True	1913	104	22723	
GSE84876	http://www.ebi.ac.uk/efo/EFO_0000604	http://www.ebi.ac.uk/efo/EFO_0000604	http://www.ebi.ac.uk/efo/EFO_0000604	1	0	0	True	True	8114	107	22723	
GSE189590	http://www.ebi.ac.uk/efo/EFO_0005180	http://www.ebi.ac.uk/efo/EFO_0005180	http://www.ebi.ac.uk/efo/EFO_0005180	1	0	0	True	True	6140	104	22723	
GSE29042	http://www.ebi.ac.uk/efo/EFO_0000606	http://www.ebi.ac.uk/efo/EFO_0000606	http://www.ebi.ac.uk/efo/EFO_0000606	1	0	0	True	True	113803	161	22723	
GSE11659	http://www.ebi.ac.uk/efo/EFO_0001329,http://www.ebi.ac.uk/efo/EFO_0001340,http://www.ebi.ac.uk/efo/EFO_0022397	http://www.ebi.ac.uk/efo/EFO_0000606,http://www.ebi.ac.uk/efo/EFO_0001329	http://www.ebi.ac.uk/efo/EFO_0000606,http://www.ebi.ac.uk/efo/EFO_0001329	1	1	2	False	False	3692	279	22723	
GSE102464	http://www.ebi.ac.uk/efo/EFO_0005180	http://www.ebi.ac.uk/efo/EFO_0005180	http://www.ebi.ac.uk/efo/EFO_0005180	1	0	0	True	True	17315	114	22723	
GSE228218	http://www.ebi.ac.uk/efo/EFO_0000606	http://www.ebi.ac.uk/efo/EFO_0000606	http://www.ebi.ac.uk/efo/EFO_0000606	1	0	0	True	True	20375	235	22723	
GSE120463	http://www.ebi.ac.uk/efo/EFO_0022397	http://www.ebi.ac.uk/efo/EFO_0022397	http://www.ebi.ac.uk/efo/EFO_0022397	1	0	0	True	True	1729	106	22723	
GSE83356	http://www.ebi.ac.uk/efo/EFO_0005180	http://www.ebi.ac.uk/efo/EFO_0022397,http://www.ebi.ac.uk/efo/EFO_0022483	http://www.ebi.ac.uk/efo/EFO_0022397,http://www.ebi.ac.uk/efo/EFO_0022467	0	2	1	False	False	10296	264	22723	
GSE60731	http://www.ebi.ac.uk/efo/EFO_0022397	http://www.ebi.ac.uk/efo/EFO_0011030	http://www.ebi.ac.uk/efo/EFO_0022397	0	1	1	False	True	33628	154	22723	
GSE253309	http://www.ebi.ac.uk/efo/EFO_0022397	http://www.ebi.ac.uk/efo/EFO_0022397	http://www.ebi.ac.uk/efo/EFO_0022397	1	0	0	True	True	3040	147	22723	
GSE29382	http://www.ebi.ac.uk/efo/EFO_0022397	http://www.ebi.ac.uk/efo/EFO_0022397	http://www.ebi.ac.uk/efo/EFO_0022397	1	0	0	True	True	8950	131	22723	
GSE98839	http://www.ebi.ac.uk/efo/EFO_0022397	http://www.ebi.ac.uk/efo/EFO_0022397	http://www.ebi.ac.uk/efo/EFO_0022397	1	0	0	True	True	13493	142	22723	
GSE11056	http://www.ebi.ac.uk/efo/EFO_0022397	http://www.ebi.ac.uk/efo/EFO_0000606	http://www.ebi.ac.uk/efo/EFO_0000606	0	1	1	False	False	20819	217	22723	
GSE55627	http://www.ebi.ac.uk/efo/EFO_0000606	http://www.ebi.ac.uk/efo/EFO_0000606	http://www.ebi.ac.uk/efo/EFO_0000606	1	0	0	True	True	3643	146	22723	
GSE151565	http://www.ebi.ac.uk/efo/EFO_0000606	http://www.ebi.ac.uk/efo/EFO_0000606	http://www.ebi.ac.uk/efo/EFO_0000606	1	0	0	True	True	76527	154	22723	
GSE237292	http://www.ebi.ac.uk/efo/EFO_0001332	http://www.ebi.ac.uk/efo/EFO_0001332	http://www.ebi.ac.uk/efo/EFO_0001332	1	0	0	True	True	11622	177	22723	
GSE127543	http://www.ebi.ac.uk/efo/EFO_0022397	http://www.ebi.ac.uk/efo/EFO_0022397	http://www.ebi.ac.uk/efo/EFO_0022397	1	0	0	True	True	24313	148	22723	
GSE6966	http://www.ebi.ac.uk/efo/EFO_0000606,http://www.ebi.ac.uk/efo/EFO_0007735	http://www.ebi.ac.uk/efo/EFO_0000606,http://www.ebi.ac.uk/efo/EFO_0007735	http://www.ebi.ac.uk/efo/EFO_0000606,http://www.ebi.ac.uk/efo/EFO_0007735	2	0	0	True	True	6679	217	22723	
GSE79543	http://www.ebi.ac.uk/efo/EFO_0022397	http://www.ebi.ac.uk/efo/EFO_0022397	http://www.ebi.ac.uk/efo/EFO_0022397	1	0	0	True	True	22822	127	22723	
GSE49227	http://www.ebi.ac.uk/efo/EFO_0022483	http://www.ebi.ac.uk/efo/EFO_0000597,http://www.ebi.ac.uk/efo/EFO_0022483	http://www.ebi.ac.uk/efo/EFO_0000597,http://www.ebi.ac.uk/efo/EFO_0022467	1	1	0	False	False	7486	181	22723	
GSE271392	http://www.ebi.ac.uk/efo/EFO_0000606	http://www.ebi.ac.uk/efo/EFO_0000606	http://www.ebi.ac.uk/efo/EFO_0000606	1	0	0	True	True	11369	169	22723	
GSE207676	http://www.ebi.ac.uk/efo/EFO_0022397	http://www.ebi.ac.uk/efo/EFO_0022397	http://www.ebi.ac.uk/efo/EFO_0022397	1	0	0	True	True	16115	128	22723	
GSE62625	http://www.ebi.ac.uk/efo/EFO_0007728	http://www.ebi.ac.uk/efo/EFO_0007728	http://www.ebi.ac.uk/efo/EFO_0007728	1	0	0	True	True	13417	150	22723	
GSE134333	http://www.ebi.ac.uk/efo/EFO_0022397	http://www.ebi.ac.uk/efo/EFO_0022397	http://www.ebi.ac.uk/efo/EFO_0022397	1	0	0	True	True	80574	105	22723	
GSE225554	http://gemma.msl.ubc.ca/ont/TGEMO_00179	http://gemma.msl.ubc.ca/ont/TGEMO_00179	http://www.ebi.ac.uk/efo/EFO_0007729	1	0	0	True	False	16724	282	22723	
GSE64959	http://www.ebi.ac.uk/efo/EFO_0005180	http://www.ebi.ac.uk/efo/EFO_0005180	http://www.ebi.ac.uk/efo/EFO_0005180	1	0	0	True	True	21449	104	22723	
GSE25088	http://www.ebi.ac.uk/efo/EFO_0022397	http://www.ebi.ac.uk/efo/EFO_0022397	http://www.ebi.ac.uk/efo/EFO_0022397	1	0	0	True	True	11900	146	22723	
GSE106120	http://www.ebi.ac.uk/efo/EFO_0022397	http://www.ebi.ac.uk/efo/EFO_0000606	http://www.ebi.ac.uk/efo/EFO_0022397	0	1	1	False	True	9156	129	22723	
GSE167704	http://www.ebi.ac.uk/efo/EFO_0022397	http://www.ebi.ac.uk/efo/EFO_0022397	http://www.ebi.ac.uk/efo/EFO_0022397	1	0	0	True	True	10803	105	22723	
GSE3088	http://www.ebi.ac.uk/efo/EFO_0000606,http://www.ebi.ac.uk/efo/EFO_0001329	http://www.ebi.ac.uk/efo/EFO_0000606,http://www.ebi.ac.uk/efo/EFO_0001329	http://www.ebi.ac.uk/efo/EFO_0000606,http://www.ebi.ac.uk/efo/EFO_0001329	2	0	0	True	True	42139	216	22723	
GSE10493	http://www.ebi.ac.uk/efo/EFO_0000597,http://www.ebi.ac.uk/efo/EFO_0000602,http://www.ebi.ac.uk/efo/EFO_0000606,http://www.ebi.ac.uk/efo/EFO_0001327,http://www.ebi.ac.uk/efo/EFO_0001329,http://www.ebi.ac.uk/efo/EFO_0001332,http://www.ebi.ac.uk/efo/EFO_0005184,http://www.ebi.ac.uk/efo/EFO_0007727,http://www.ebi.ac.uk/efo/EFO_0022397,http://www.ebi.ac.uk/efo/EFO_0022419	http://www.ebi.ac.uk/efo/EFO_0000602,http://www.ebi.ac.uk/efo/EFO_0000606,http://www.ebi.ac.uk/efo/EFO_0001327,http://www.ebi.ac.uk/efo/EFO_0001329,http://www.ebi.ac.uk/efo/EFO_0001332,http://www.ebi.ac.uk/efo/EFO_0005184,http://www.ebi.ac.uk/efo/EFO_0007727		7	0	3	False	False	28455	593	22723	
GSE231882	http://www.ebi.ac.uk/efo/EFO_0000606	http://www.ebi.ac.uk/efo/EFO_0000606	http://www.ebi.ac.uk/efo/EFO_0000606	1	0	0	True	True	21611	148	22723	
GSE212983	http://www.ebi.ac.uk/efo/EFO_0022397	http://www.ebi.ac.uk/efo/EFO_0022397	http://www.ebi.ac.uk/efo/EFO_0022397	1	0	0	True	True	2128	105	22723	
GSE168822	http://www.ebi.ac.uk/efo/EFO_0022397	http://www.ebi.ac.uk/efo/EFO_0022397	http://www.ebi.ac.uk/efo/EFO_0022397	1	0	0	True	True	1633	105	22723	
GSE217836	http://www.ebi.ac.uk/efo/EFO_0000606	http://www.ebi.ac.uk/efo/EFO_0000606	http://www.ebi.ac.uk/efo/EFO_0000606	1	0	0	True	True	11469	148	22723	
GSE107655	http://www.ebi.ac.uk/efo/EFO_0005180	http://www.ebi.ac.uk/efo/EFO_0005180	http://www.ebi.ac.uk/efo/EFO_0005180	1	0	0	True	True	15331	105	22723	
GSE211678	http://www.ebi.ac.uk/efo/EFO_0000606	http://www.ebi.ac.uk/efo/EFO_0000606	http://www.ebi.ac.uk/efo/EFO_0000606	1	0	0	True	True	8559	196	22723	
GSE185656	http://www.ebi.ac.uk/efo/EFO_0022397	http://www.ebi.ac.uk/efo/EFO_0022397	http://www.ebi.ac.uk/efo/EFO_0022397	1	0	0	True	True	1696	105	22723	
GSE49109	http://www.ebi.ac.uk/efo/EFO_0022397	http://www.ebi.ac.uk/efo/EFO_0000606	http://www.ebi.ac.uk/efo/EFO_0022397	0	1	1	False	True	6807	150	22723	
GSE110892	http://www.ebi.ac.uk/efo/EFO_0005180	http://www.ebi.ac.uk/efo/EFO_0005180	http://www.ebi.ac.uk/efo/EFO_0005180	1	0	0	True	True	1473	132	22723	
GSE94559	http://www.ebi.ac.uk/efo/EFO_0000606	http://www.ebi.ac.uk/efo/EFO_0000606	http://www.ebi.ac.uk/efo/EFO_0000606	1	0	0	True	True	9532	121	22723	
GSE71695	http://www.ebi.ac.uk/efo/EFO_0000606	http://www.ebi.ac.uk/efo/EFO_0000606	http://www.ebi.ac.uk/efo/EFO_0000606	1	0	0	True	True	4885	108	22723	
GSE162683	http://www.ebi.ac.uk/efo/EFO_0022397	http://www.ebi.ac.uk/efo/EFO_0022397	http://www.ebi.ac.uk/efo/EFO_0022397	1	0	0	True	True	10261	128	22723	
GSE243471	http://www.ebi.ac.uk/efo/EFO_0022397	http://www.ebi.ac.uk/efo/EFO_0022397	http://www.ebi.ac.uk/efo/EFO_0022397	1	0	0	True	True	16356	130	22723	
GSE44762	http://www.ebi.ac.uk/efo/EFO_0000602	http://www.ebi.ac.uk/efo/EFO_0000602	http://www.ebi.ac.uk/efo/EFO_0000602	1	0	0	True	True	6532	103	22723	
GSE61751	http://www.ebi.ac.uk/efo/EFO_0005180			0	0	1	False	False	1821	42	22723	
GSE142678	http://www.ebi.ac.uk/efo/EFO_0022397	http://www.ebi.ac.uk/efo/EFO_0000606	http://www.ebi.ac.uk/efo/EFO_0022397	0	1	1	False	True	17041	141	22723	
GSE54473	http://www.ebi.ac.uk/efo/EFO_0022397	http://www.ebi.ac.uk/efo/EFO_0022397	http://www.ebi.ac.uk/efo/EFO_0022397	1	0	0	True	True	3971	115	22723	
GSE226550	http://www.ebi.ac.uk/efo/EFO_0022397	http://www.ebi.ac.uk/efo/EFO_0022397	http://www.ebi.ac.uk/efo/EFO_0022397	1	0	0	True	True	2659	105	22723	
GSE18341	http://www.ebi.ac.uk/efo/EFO_0022397	http://www.ebi.ac.uk/efo/EFO_0022397	http://www.ebi.ac.uk/efo/EFO_0022397	1	0	0	True	True	10973	164	22723	
GSE180326	http://www.ebi.ac.uk/efo/EFO_0000606	http://www.ebi.ac.uk/efo/EFO_0000606	http://www.ebi.ac.uk/efo/EFO_0000606	1	0	0	True	True	21757	147	22723	
GSE214294	http://www.ebi.ac.uk/efo/EFO_0022397	http://www.ebi.ac.uk/efo/EFO_0022397	http://www.ebi.ac.uk/efo/EFO_0022397	1	0	0	True	True	11336	162	22723	
GSE582	http://www.ebi.ac.uk/efo/EFO_0000602,http://www.ebi.ac.uk/efo/EFO_0022397	http://www.ebi.ac.uk/efo/EFO_0000602,http://www.ebi.ac.uk/efo/EFO_0022397	http://www.ebi.ac.uk/efo/EFO_0000602,http://www.ebi.ac.uk/efo/EFO_0022397	2	0	0	True	True	1618	197	22723	
GSE255899	http://www.ebi.ac.uk/efo/EFO_0005181	http://www.ebi.ac.uk/efo/EFO_0000606	http://www.ebi.ac.uk/efo/EFO_0022397	0	1	1	False	False	10177	152	22723	
GSE62704	http://www.ebi.ac.uk/efo/EFO_0022397	http://www.ebi.ac.uk/efo/EFO_0000606	http://www.ebi.ac.uk/efo/EFO_0000606	0	1	1	False	False	23141	138	22723	
GSE134807	http://www.ebi.ac.uk/efo/EFO_0009917	http://www.ebi.ac.uk/efo/EFO_0009917	http://www.ebi.ac.uk/efo/EFO_0009917	1	0	0	True	True	9907	104	22723	
GSE163671	http://www.ebi.ac.uk/efo/EFO_0022397	http://www.ebi.ac.uk/efo/EFO_0022397	http://www.ebi.ac.uk/efo/EFO_0022397	1	0	0	True	True	9770	105	22723	
GSE153331	http://www.ebi.ac.uk/efo/EFO_0000601	http://www.ebi.ac.uk/efo/EFO_0000601	http://www.ebi.ac.uk/efo/EFO_0000597,http://www.ebi.ac.uk/efo/EFO_0022397	1	0	0	True	False	40067	166	22723	
GSE58669	http://www.ebi.ac.uk/efo/EFO_0022397	http://www.ebi.ac.uk/efo/EFO_0022397	http://www.ebi.ac.uk/efo/EFO_0022397	1	0	0	True	True	2302	105	22723	
GSE11911	http://www.ebi.ac.uk/efo/EFO_0000602	http://www.ebi.ac.uk/efo/EFO_0000602	http://www.ebi.ac.uk/efo/EFO_0000602	1	0	0	True	True	8041	149	22723	
GSE152637	http://www.ebi.ac.uk/efo/EFO_0022397	http://www.ebi.ac.uk/efo/EFO_0022397	http://www.ebi.ac.uk/efo/EFO_0022397	1	0	0	True	True	1700	106	22723	
GSE14971	http://www.ebi.ac.uk/efo/EFO_0022397	http://www.ebi.ac.uk/efo/EFO_0022397	http://www.ebi.ac.uk/efo/EFO_0022397	1	0	0	True	True	4938	119	22723	
GSE20562	http://www.ebi.ac.uk/efo/EFO_0000606	http://www.ebi.ac.uk/efo/EFO_0000606	http://www.ebi.ac.uk/efo/EFO_0000606	1	0	0	True	True	3125	142	22723	
GSE84645	http://www.ebi.ac.uk/efo/EFO_0022397	http://www.ebi.ac.uk/efo/EFO_0001339	http://www.ebi.ac.uk/efo/EFO_0022397	0	1	1	False	True	9950	134	22723	
GSE141967	http://www.ebi.ac.uk/efo/EFO_0022397,http://www.ebi.ac.uk/efo/EFO_0022473	http://www.ebi.ac.uk/efo/EFO_0000601	http://www.ebi.ac.uk/efo/EFO_0000597,http://www.ebi.ac.uk/efo/EFO_0022397	0	1	2	False	False	8579	234	22723	
GSE173865	http://www.ebi.ac.uk/efo/EFO_0000606	http://www.ebi.ac.uk/efo/EFO_0000606	http://www.ebi.ac.uk/efo/EFO_0000606	1	0	0	True	True	10594	137	22723	
GSE61529	http://www.ebi.ac.uk/efo/EFO_0022397	http://www.ebi.ac.uk/efo/EFO_0022397	http://www.ebi.ac.uk/efo/EFO_0022397	1	0	0	True	True	4093	156	22723	
GSE226635	http://www.ebi.ac.uk/efo/EFO_0005180	http://www.ebi.ac.uk/efo/EFO_0005180	http://www.ebi.ac.uk/efo/EFO_0005180	1	0	0	True	True	13536	164	22723	
GSE62771	http://www.ebi.ac.uk/efo/EFO_0022397	http://www.ebi.ac.uk/efo/EFO_0000598	http://www.ebi.ac.uk/efo/EFO_0000598,http://www.ebi.ac.uk/efo/EFO_0022397	0	1	1	False	False	25506	223	22723	
GSE182341	http://www.ebi.ac.uk/efo/EFO_0000606	http://www.ebi.ac.uk/efo/EFO_0000606	http://www.ebi.ac.uk/efo/EFO_0000606	1	0	0	True	True	2237	146	22723	
GSE53131	http://www.ebi.ac.uk/efo/EFO_0000606,http://www.ebi.ac.uk/efo/EFO_0022397	http://www.ebi.ac.uk/efo/EFO_0000606	http://www.ebi.ac.uk/efo/EFO_0000606	1	0	1	False	False	5994	128	22723	
GSE277251	http://www.ebi.ac.uk/efo/EFO_0000606		http://www.ebi.ac.uk/efo/EFO_0022397	0	0	1	False	False	2861	42	22723	
GSE65249	http://www.ebi.ac.uk/efo/EFO_0001336	http://www.ebi.ac.uk/efo/EFO_0001336	http://www.ebi.ac.uk/efo/EFO_0001336	1	0	0	True	True	15518	154	22723	
GSE138240	http://www.ebi.ac.uk/efo/EFO_0022397	http://www.ebi.ac.uk/efo/EFO_0022397	http://www.ebi.ac.uk/efo/EFO_0022397	1	0	0	True	True	3992	105	22723	
GSE32201	http://www.ebi.ac.uk/efo/EFO_0005181,http://www.ebi.ac.uk/efo/EFO_0022397	http://www.ebi.ac.uk/efo/EFO_0005181	http://www.ebi.ac.uk/efo/EFO_0005181	1	0	1	False	False	9064	140	22723	
GSE31849	http://www.ebi.ac.uk/efo/EFO_0022397	http://www.ebi.ac.uk/efo/EFO_0022397	http://www.ebi.ac.uk/efo/EFO_0000597,http://www.ebi.ac.uk/efo/EFO_0022397	1	0	0	True	False	3926	176	22723	
GSE51008	http://www.ebi.ac.uk/efo/EFO_0022397	http://www.ebi.ac.uk/efo/EFO_0022397	http://www.ebi.ac.uk/efo/EFO_0022397	1	0	0	True	True	52443	145	22723	
GSE33744	http://www.ebi.ac.uk/efo/EFO_0005184,http://www.ebi.ac.uk/efo/EFO_0022419	http://www.ebi.ac.uk/efo/EFO_0005181,http://www.ebi.ac.uk/efo/EFO_0005184	http://www.ebi.ac.uk/efo/EFO_0005181,http://www.ebi.ac.uk/efo/EFO_0022419	1	1	1	False	False	10159	256	22723	
GSE102992	http://www.ebi.ac.uk/efo/EFO_0022397	http://www.ebi.ac.uk/efo/EFO_0000606	http://www.ebi.ac.uk/efo/EFO_0000606	0	1	1	False	False	15721	122	22723	
GSE45551	http://www.ebi.ac.uk/efo/EFO_0000602,http://www.ebi.ac.uk/efo/EFO_0001329,http://www.ebi.ac.uk/efo/EFO_0022419	http://www.ebi.ac.uk/efo/EFO_0001329	http://www.ebi.ac.uk/efo/EFO_0001329	1	0	2	False	False	10264	166	22723	
GSE36408	http://www.ebi.ac.uk/efo/EFO_0000606	http://www.ebi.ac.uk/efo/EFO_0000606	http://www.ebi.ac.uk/efo/EFO_0000606	1	0	0	True	True	17534	145	22723	
GSE171211	http://www.ebi.ac.uk/efo/EFO_0000597	http://www.ebi.ac.uk/efo/EFO_0000597	http://www.ebi.ac.uk/efo/EFO_0000597	1	0	0	True	True	11195	102	22723	
GSE84510	http://www.ebi.ac.uk/efo/EFO_0000606	http://www.ebi.ac.uk/efo/EFO_0000606	http://www.ebi.ac.uk/efo/EFO_0000606	1	0	0	True	True	6424	122	22723	
GSE31431	http://www.ebi.ac.uk/efo/EFO_0022397	http://www.ebi.ac.uk/efo/EFO_0022397	http://www.ebi.ac.uk/efo/EFO_0022397	1	0	0	True	True	5135	104	22723	
GSE201636	http://www.ebi.ac.uk/efo/EFO_0022397	http://www.ebi.ac.uk/efo/EFO_0022397	http://www.ebi.ac.uk/efo/EFO_0022397	1	0	0	True	True	2071	105	22723	
GSE225868	http://www.ebi.ac.uk/efo/EFO_0022397	http://www.ebi.ac.uk/efo/EFO_0022397	http://www.ebi.ac.uk/efo/EFO_0000606	1	0	0	True	False	37987	139	22723	
GSE127812	http://www.ebi.ac.uk/efo/EFO_0022397	http://www.ebi.ac.uk/efo/EFO_0022397	http://www.ebi.ac.uk/efo/EFO_0022397	1	0	0	True	True	7432	139	22723	
GSE17522	http://www.ebi.ac.uk/efo/EFO_0000606,http://www.ebi.ac.uk/efo/EFO_0005184	http://www.ebi.ac.uk/efo/EFO_0000606,http://www.ebi.ac.uk/efo/EFO_0005184,http://www.ebi.ac.uk/efo/EFO_0022478	http://www.ebi.ac.uk/efo/EFO_0000606,http://www.ebi.ac.uk/efo/EFO_0005184	2	1	0	False	True	64748	313	22723	
GSE27715	http://www.ebi.ac.uk/efo/EFO_0005180,http://www.ebi.ac.uk/efo/EFO_0022483	http://www.ebi.ac.uk/efo/EFO_0000606,http://www.ebi.ac.uk/efo/EFO_0005180,http://www.ebi.ac.uk/efo/EFO_0022483	http://www.ebi.ac.uk/efo/EFO_0000606,http://www.ebi.ac.uk/efo/EFO_0005180,http://www.ebi.ac.uk/efo/EFO_0007728	2	1	0	False	False	24666	309	22723	
GSE213251	http://www.ebi.ac.uk/efo/EFO_0022483	http://www.ebi.ac.uk/efo/EFO_0022483	http://www.ebi.ac.uk/efo/EFO_0007728	1	0	0	True	False	16379	138	22723	
GSE271337	http://www.ebi.ac.uk/efo/EFO_0007728	http://www.ebi.ac.uk/efo/EFO_0007728	http://www.ebi.ac.uk/efo/EFO_0007728	1	0	0	True	True	7702	187	22723	
GSE148029	http://www.ebi.ac.uk/efo/EFO_0022397	http://www.ebi.ac.uk/efo/EFO_0022397	http://www.ebi.ac.uk/efo/EFO_0022397	1	0	0	True	True	1983	127	22723	
GSE198226	http://gemma.msl.ubc.ca/ont/TGEMO_00172	http://gemma.msl.ubc.ca/ont/TGEMO_00172	http://gemma.msl.ubc.ca/ont/TGEMO_00172	1	0	0	True	True	19696	159	22723	
GSE157903	http://www.ebi.ac.uk/efo/EFO_0022397	http://www.ebi.ac.uk/efo/EFO_0022397	http://www.ebi.ac.uk/efo/EFO_0022397	1	0	0	True	True	6812	149	22723	
GSE6503	http://www.ebi.ac.uk/efo/EFO_0022397	http://www.ebi.ac.uk/efo/EFO_0022397	http://www.ebi.ac.uk/efo/EFO_0022397	1	0	0	True	True	8302	155	22723	
GSE117749	http://www.ebi.ac.uk/efo/EFO_0022397	http://www.ebi.ac.uk/efo/EFO_0022397	http://www.ebi.ac.uk/efo/EFO_0022397	1	0	0	True	True	3833	145	22723	
GSE5663	http://www.ebi.ac.uk/efo/EFO_0022397	http://www.ebi.ac.uk/efo/EFO_0022397	http://www.ebi.ac.uk/efo/EFO_0022397	1	0	0	True	True	8875	132	22723	
GSE223176	http://www.ebi.ac.uk/efo/EFO_0000606	http://www.ebi.ac.uk/efo/EFO_0000606	http://www.ebi.ac.uk/efo/EFO_0000606	1	0	0	True	True	10311	153	22723	
GSE63290	http://www.ebi.ac.uk/efo/EFO_0000606	http://www.ebi.ac.uk/efo/EFO_0000606	http://www.ebi.ac.uk/efo/EFO_0000606	1	0	0	True	True	19596	107	22723	
GSE75242	http://www.ebi.ac.uk/efo/EFO_0022397	http://www.ebi.ac.uk/efo/EFO_0022397	http://www.ebi.ac.uk/efo/EFO_0022397	1	0	0	True	True	14238	130	22723	
GSE86082	http://www.ebi.ac.uk/efo/EFO_0022397	http://www.ebi.ac.uk/efo/EFO_0022397	http://www.ebi.ac.uk/efo/EFO_0022397	1	0	0	True	True	8410	141	22723	
GSE140201	http://www.ebi.ac.uk/efo/EFO_0000606	http://www.ebi.ac.uk/efo/EFO_0000606	http://www.ebi.ac.uk/efo/EFO_0000606	1	0	0	True	True	18548	201	22723	
GSE76999	http://www.ebi.ac.uk/efo/EFO_0022397	http://www.ebi.ac.uk/efo/EFO_0022397	http://www.ebi.ac.uk/efo/EFO_0022397	1	0	0	True	True	11290	105	22723	
GSE37610	http://www.ebi.ac.uk/efo/EFO_0000606	http://www.ebi.ac.uk/efo/EFO_0000606	http://www.ebi.ac.uk/efo/EFO_0000606	1	0	0	True	True	1721	108	22723	
GSE20160	http://www.ebi.ac.uk/efo/EFO_0000603,http://www.ebi.ac.uk/efo/EFO_0000606,http://www.ebi.ac.uk/efo/EFO_0001327,http://www.ebi.ac.uk/efo/EFO_0001329,http://www.ebi.ac.uk/efo/EFO_0001332,http://www.ebi.ac.uk/efo/EFO_0004005,http://www.ebi.ac.uk/efo/EFO_0005184,http://www.ebi.ac.uk/efo/EFO_0007726,http://www.ebi.ac.uk/efo/EFO_0007728,http://www.ebi.ac.uk/efo/EFO_0007731,http://www.ebi.ac.uk/efo/EFO_0007735,http://www.ebi.ac.uk/efo/EFO_0022387	http://www.ebi.ac.uk/efo/EFO_0000603,http://www.ebi.ac.uk/efo/EFO_0000606,http://www.ebi.ac.uk/efo/EFO_0001327,http://www.ebi.ac.uk/efo/EFO_0001329,http://www.ebi.ac.uk/efo/EFO_0001332,http://www.ebi.ac.uk/efo/EFO_0002522,http://www.ebi.ac.uk/efo/EFO_0005184,http://www.ebi.ac.uk/efo/EFO_0007726,http://www.ebi.ac.uk/efo/EFO_0007728,http://www.ebi.ac.uk/efo/EFO_0007729,http://www.ebi.ac.uk/efo/EFO_0007731,http://www.ebi.ac.uk/efo/EFO_0007735,http://www.ebi.ac.uk/efo/EFO_0007736,http://www.ebi.ac.uk/efo/EFO_0022387		11	3	1	False	False	25919	969	22723	
GSE51160	http://www.ebi.ac.uk/efo/EFO_0022397	http://www.ebi.ac.uk/efo/EFO_0022397	http://www.ebi.ac.uk/efo/EFO_0022397	1	0	0	True	True	8356	134	22723	
GSE150028	http://www.ebi.ac.uk/efo/EFO_0022397	http://www.ebi.ac.uk/efo/EFO_0020093	http://www.ebi.ac.uk/efo/EFO_0020093	0	1	1	False	False	11194	204	22723	
GSE117886	http://www.ebi.ac.uk/efo/EFO_0005180	http://www.ebi.ac.uk/efo/EFO_0005180	http://www.ebi.ac.uk/efo/EFO_0005180	1	0	0	True	True	10411	104	22723	
GSE459	http://www.ebi.ac.uk/efo/EFO_0022397	http://www.ebi.ac.uk/efo/EFO_0022397	http://www.ebi.ac.uk/efo/EFO_0022397	1	0	0	True	True	1612	155	22723	
GSE247628	http://www.ebi.ac.uk/efo/EFO_0000602	http://www.ebi.ac.uk/efo/EFO_0000602	http://www.ebi.ac.uk/efo/EFO_0000602	1	0	0	True	True	2768	109	22723	
GSE214005	http://www.ebi.ac.uk/efo/EFO_0000606,http://www.ebi.ac.uk/efo/EFO_0022479	http://www.ebi.ac.uk/efo/EFO_0000606,http://www.ebi.ac.uk/efo/EFO_0022479	http://www.ebi.ac.uk/efo/EFO_0000606,http://www.ebi.ac.uk/efo/EFO_0022479	2	0	0	True	True	11475	277	22723	
GSE113672	http://www.ebi.ac.uk/efo/EFO_0022397	http://www.ebi.ac.uk/efo/EFO_0000606	http://www.ebi.ac.uk/efo/EFO_0000606	0	1	1	False	False	17934	159	22723	
GSE205586	http://www.ebi.ac.uk/efo/EFO_0022397	http://www.ebi.ac.uk/efo/EFO_0022397	http://www.ebi.ac.uk/efo/EFO_0022397	1	0	0	True	True	2889	105	22723	
GSE89562	http://www.ebi.ac.uk/efo/EFO_0000606	http://www.ebi.ac.uk/efo/EFO_0000606	http://www.ebi.ac.uk/efo/EFO_0000606	1	0	0	True	True	7047	160	22723	
GSE78082	http://www.ebi.ac.uk/efo/EFO_0022397	http://www.ebi.ac.uk/efo/EFO_0022397	http://www.ebi.ac.uk/efo/EFO_0022397	1	0	0	True	True	7363	105	22723	
GSE40982	http://www.ebi.ac.uk/efo/EFO_0022397	http://www.ebi.ac.uk/efo/EFO_0022397	http://www.ebi.ac.uk/efo/EFO_0022397	1	0	0	True	True	3666	112	22723	
GSE74438	http://gemma.msl.ubc.ca/ont/TGEMO_00174	http://gemma.msl.ubc.ca/ont/TGEMO_00174	http://gemma.msl.ubc.ca/ont/TGEMO_00174	1	0	0	True	True	36156	142	22723	
GSE9134	http://www.ebi.ac.uk/efo/EFO_0022397			0	0	1	False	False	4562	42	22723	
GSE74570	http://www.ebi.ac.uk/efo/EFO_0022397	http://www.ebi.ac.uk/efo/EFO_0022397	http://www.ebi.ac.uk/efo/EFO_0022397	1	0	0	True	True	8965	121	22723	
GSE70383	http://www.ebi.ac.uk/efo/EFO_0022397			0	0	1	False	False	3220	42	22723	
GSE10533	http://www.ebi.ac.uk/efo/EFO_0000606	http://www.ebi.ac.uk/efo/EFO_0000606	http://www.ebi.ac.uk/efo/EFO_0000606	1	0	0	True	True	5853	122	22723	
GSE210561	http://www.ebi.ac.uk/efo/EFO_0022397	http://www.ebi.ac.uk/efo/EFO_0022397	http://www.ebi.ac.uk/efo/EFO_0022397	1	0	0	True	True	10262	136	22723	
GSE77705	http://www.ebi.ac.uk/efo/EFO_0022397	http://www.ebi.ac.uk/efo/EFO_0022397	http://www.ebi.ac.uk/efo/EFO_0022397	1	0	0	True	True	18613	128	22723	
GSE40393	http://www.ebi.ac.uk/efo/EFO_0022397	http://www.ebi.ac.uk/efo/EFO_0000606	http://www.ebi.ac.uk/efo/EFO_0000606	0	1	1	False	False	10678	120	22723	
GSE20396	http://www.ebi.ac.uk/efo/EFO_0022397			0	0	1	False	False	3026	42	22723	
GSE245362	http://www.ebi.ac.uk/efo/EFO_0022397	http://www.ebi.ac.uk/efo/EFO_0022397	http://www.ebi.ac.uk/efo/EFO_0022397	1	0	0	True	True	28623	126	22723	
GSE215228	http://www.ebi.ac.uk/efo/EFO_0000606	http://www.ebi.ac.uk/efo/EFO_0000606	http://www.ebi.ac.uk/efo/EFO_0000606	1	0	0	True	True	8103	107	22723	
GSE185221	http://www.ebi.ac.uk/efo/EFO_0022397	http://www.ebi.ac.uk/efo/EFO_0022397	http://www.ebi.ac.uk/efo/EFO_0022397	1	0	0	True	True	44776	105	22723	
GSE106607	http://www.ebi.ac.uk/efo/EFO_0000606	http://www.ebi.ac.uk/efo/EFO_0000606	http://www.ebi.ac.uk/efo/EFO_0000606	1	0	0	True	True	24799	107	22723	
GSE261887	http://www.ebi.ac.uk/efo/EFO_0000606	http://www.ebi.ac.uk/efo/EFO_0000606	http://www.ebi.ac.uk/efo/EFO_0000606	1	0	0	True	True	5497	123	22723	
GSE178952	http://www.ebi.ac.uk/efo/EFO_0022397	http://www.ebi.ac.uk/efo/EFO_0022397	http://www.ebi.ac.uk/efo/EFO_0005181	1	0	0	True	False	9192	139	22723	
GSE1571	http://www.ebi.ac.uk/efo/EFO_0000604			0	0	1	False	False	1312	42	22723	
GSE41042	http://www.ebi.ac.uk/efo/EFO_0022397	http://www.ebi.ac.uk/efo/EFO_0022397	http://www.ebi.ac.uk/efo/EFO_0005181	1	0	0	True	False	2061	105	22723	
GSE245540	http://www.ebi.ac.uk/efo/EFO_0005184,http://www.ebi.ac.uk/efo/EFO_0022397	http://www.ebi.ac.uk/efo/EFO_0000606	http://www.ebi.ac.uk/efo/EFO_0005184,http://www.ebi.ac.uk/efo/EFO_0022397	0	1	2	False	True	13481	167	22723	
GSE103892	http://www.ebi.ac.uk/efo/EFO_0005180	http://www.ebi.ac.uk/efo/EFO_0005180	http://www.ebi.ac.uk/efo/EFO_0009917	1	0	0	True	False	32037	157	22723	
GSE38797	http://www.ebi.ac.uk/efo/EFO_0000597,http://www.ebi.ac.uk/efo/EFO_0022397	http://www.ebi.ac.uk/efo/EFO_0000601	http://www.ebi.ac.uk/efo/EFO_0000606,http://www.ebi.ac.uk/efo/EFO_0022482	0	1	2	False	False	8119	133	22723	
GSE54006	http://www.ebi.ac.uk/efo/EFO_0022397	http://www.ebi.ac.uk/efo/EFO_0022397	http://www.ebi.ac.uk/efo/EFO_0022397	1	0	0	True	True	9883	105	22723	
GSE120485	http://www.ebi.ac.uk/efo/EFO_0022397	http://www.ebi.ac.uk/efo/EFO_0022397	http://www.ebi.ac.uk/efo/EFO_0022397	1	0	0	True	True	8548	105	22723	
GSE19886	http://www.ebi.ac.uk/efo/EFO_0011030,http://www.ebi.ac.uk/efo/EFO_0022397	http://www.ebi.ac.uk/efo/EFO_0007732	http://www.ebi.ac.uk/efo/EFO_0007732	0	1	2	False	False	2445	134	22723	
GSE47098	http://www.ebi.ac.uk/efo/EFO_0000606,http://www.ebi.ac.uk/efo/EFO_0022397	http://www.ebi.ac.uk/efo/EFO_0000606	http://www.ebi.ac.uk/efo/EFO_0000606	1	0	1	False	False	9078	151	22723	
GSE36089	http://www.ebi.ac.uk/efo/EFO_0022397	http://www.ebi.ac.uk/efo/EFO_0022397	http://www.ebi.ac.uk/efo/EFO_0022397	1	0	0	True	True	11728	159	22723	
GSE79239	http://www.ebi.ac.uk/efo/EFO_0022397	http://www.ebi.ac.uk/efo/EFO_0022397	http://www.ebi.ac.uk/efo/EFO_0022397	1	0	0	True	True	4352	106	22723	
GSE108647	http://www.ebi.ac.uk/efo/EFO_0000606	http://www.ebi.ac.uk/efo/EFO_0000606	http://www.ebi.ac.uk/efo/EFO_0000606	1	0	0	True	True	14317	178	22723	
GSE45700	http://www.ebi.ac.uk/efo/EFO_0000606	http://www.ebi.ac.uk/efo/EFO_0000606	http://www.ebi.ac.uk/efo/EFO_0000606	1	0	0	True	True	3931	158	22723	
GSE192798	http://www.ebi.ac.uk/efo/EFO_0022397	http://www.ebi.ac.uk/efo/EFO_0022397	http://www.ebi.ac.uk/efo/EFO_0022397	1	0	0	True	True	2193	105	22723	
GSE142208	http://www.ebi.ac.uk/efo/EFO_0000606	http://www.ebi.ac.uk/efo/EFO_0000606	http://www.ebi.ac.uk/efo/EFO_0000606	1	0	0	True	True	16182	137	22723	
GSE173254	http://www.ebi.ac.uk/efo/EFO_0022397	http://www.ebi.ac.uk/efo/EFO_0022397	http://www.ebi.ac.uk/efo/EFO_0022397	1	0	0	True	True	16692	129	22723	
GSE120310	http://www.ebi.ac.uk/efo/EFO_0000606	http://www.ebi.ac.uk/efo/EFO_0000606	http://www.ebi.ac.uk/efo/EFO_0000606	1	0	0	True	True	1570	107	22723	
GSE207854	http://www.ebi.ac.uk/efo/EFO_0000602	http://www.ebi.ac.uk/efo/EFO_0000602	http://www.ebi.ac.uk/efo/EFO_0000602	1	0	0	True	True	8398	128	22723	
GSE148410	http://www.ebi.ac.uk/efo/EFO_0000606	http://www.ebi.ac.uk/efo/EFO_0000606	http://www.ebi.ac.uk/efo/EFO_0000606	1	0	0	True	True	13773	107	22723	
GSE83562	http://www.ebi.ac.uk/efo/EFO_0022397	http://www.ebi.ac.uk/efo/EFO_0022397	http://www.ebi.ac.uk/efo/EFO_0022397	1	0	0	True	True	1733	105	22723	
GSE69374	http://www.ebi.ac.uk/efo/EFO_0022478	http://www.ebi.ac.uk/efo/EFO_0022478	http://www.ebi.ac.uk/efo/EFO_0022478	1	0	0	True	True	6076	171	22723	
GSE111159	http://www.ebi.ac.uk/efo/EFO_0000602	http://www.ebi.ac.uk/efo/EFO_0000602	http://www.ebi.ac.uk/efo/EFO_0000602	1	0	0	True	True	16430	126	22723	
GSE42052	http://www.ebi.ac.uk/efo/EFO_0022397	http://www.ebi.ac.uk/efo/EFO_0022397	http://www.ebi.ac.uk/efo/EFO_0022397	1	0	0	True	True	5813	105	22723	
GSE31607	http://www.ebi.ac.uk/efo/EFO_0022397	http://www.ebi.ac.uk/efo/EFO_0022397	http://www.ebi.ac.uk/efo/EFO_0022397	1	0	0	True	True	1781	105	22723	
GSE44783	http://www.ebi.ac.uk/efo/EFO_0005180	http://www.ebi.ac.uk/efo/EFO_0005180	http://www.ebi.ac.uk/efo/EFO_0005180	1	0	0	True	True	69845	176	22723	
GSE183612	http://www.ebi.ac.uk/efo/EFO_0000606	http://www.ebi.ac.uk/efo/EFO_0000606	http://www.ebi.ac.uk/efo/EFO_0000606	1	0	0	True	True	12977	138	22723	
GSE74400	http://www.ebi.ac.uk/efo/EFO_0022467			0	0	1	False	False	7955	42	22723	
GSE250068	http://www.ebi.ac.uk/efo/EFO_0022397	http://www.ebi.ac.uk/efo/EFO_0022397	http://www.ebi.ac.uk/efo/EFO_0022397	1	0	0	True	True	15414	131	22723	
GSE79252	http://www.ebi.ac.uk/efo/EFO_0022397	http://www.ebi.ac.uk/efo/EFO_0022397	http://www.ebi.ac.uk/efo/EFO_0022397	1	0	0	True	True	9067	105	22723	
GSE32966	http://www.ebi.ac.uk/efo/EFO_0022397	http://www.ebi.ac.uk/efo/EFO_0022397,http://www.ebi.ac.uk/efo/EFO_0022463	http://www.ebi.ac.uk/efo/EFO_0022397,http://www.ebi.ac.uk/efo/EFO_0022463	1	1	0	False	False	7442	182	22723	
GSE54729	http://www.ebi.ac.uk/efo/EFO_0000600,http://www.ebi.ac.uk/efo/EFO_0022397	http://www.ebi.ac.uk/efo/EFO_0000601	http://www.ebi.ac.uk/efo/EFO_0000597,http://www.ebi.ac.uk/efo/EFO_0005181	0	1	2	False	False	3514	113	22723	
GSE19793	http://www.ebi.ac.uk/efo/EFO_0000606	http://www.ebi.ac.uk/efo/EFO_0011030	http://www.ebi.ac.uk/efo/EFO_0011030	0	1	1	False	False	13749	151	22723	
GSE202594	http://www.ebi.ac.uk/efo/EFO_0000606	http://www.ebi.ac.uk/efo/EFO_0000606	http://www.ebi.ac.uk/efo/EFO_0000606	1	0	0	True	True	2602	129	22723	
GSE112575	http://www.ebi.ac.uk/efo/EFO_0022397	http://www.ebi.ac.uk/efo/EFO_0022397	http://www.ebi.ac.uk/efo/EFO_0000606	1	0	0	True	False	19619	138	22723	
GSE28540	http://www.ebi.ac.uk/efo/EFO_0000602	http://www.ebi.ac.uk/efo/EFO_0000602	http://www.ebi.ac.uk/efo/EFO_0000602	1	0	0	True	True	13129	103	22723	
GSE142111	http://www.ebi.ac.uk/efo/EFO_0022397	http://www.ebi.ac.uk/efo/EFO_0022397	http://www.ebi.ac.uk/efo/EFO_0022397	1	0	0	True	True	13112	105	22723	
GSE216727	http://www.ebi.ac.uk/efo/EFO_0000606			0	0	1	False	False	2111	42	22723	
GSE193717	http://www.ebi.ac.uk/efo/EFO_0000602			0	0	1	False	False	4490	42	22723	
GSE168137	http://gemma.msl.ubc.ca/ont/TGEMO_00172,http://www.ebi.ac.uk/efo/EFO_0022397	http://gemma.msl.ubc.ca/ont/TGEMO_00172,http://www.ebi.ac.uk/efo/EFO_0000606	http://gemma.msl.ubc.ca/ont/TGEMO_00172,http://www.ebi.ac.uk/efo/EFO_0000606	1	1	1	False	False	34249	380	22723	
GSE29632	http://www.ebi.ac.uk/efo/EFO_0000602			0	0	1	False	False	9242	42	22723	
GSE144032	http://www.ebi.ac.uk/efo/EFO_0000606	http://gemma.msl.ubc.ca/ont/TGEMO_00172,http://www.ebi.ac.uk/efo/EFO_0000606	http://gemma.msl.ubc.ca/ont/TGEMO_00172,http://www.ebi.ac.uk/efo/EFO_0000606	1	1	0	False	False	23084	303	22723	
GSE131162	http://www.ebi.ac.uk/efo/EFO_0022397	http://www.ebi.ac.uk/efo/EFO_0022397	http://www.ebi.ac.uk/efo/EFO_0022397	1	0	0	True	True	5366	143	22723	
GSE69006	http://www.ebi.ac.uk/efo/EFO_0000599,http://www.ebi.ac.uk/efo/EFO_0000602,http://www.ebi.ac.uk/efo/EFO_0022397,http://www.ebi.ac.uk/efo/EFO_0022467	http://www.ebi.ac.uk/efo/EFO_0000599,http://www.ebi.ac.uk/efo/EFO_0000602,http://www.ebi.ac.uk/efo/EFO_0022397,http://www.ebi.ac.uk/efo/EFO_0022467	http://www.ebi.ac.uk/efo/EFO_0000599,http://www.ebi.ac.uk/efo/EFO_0000602,http://www.ebi.ac.uk/efo/EFO_0022397,http://www.ebi.ac.uk/efo/EFO_0022467	4	0	0	True	True	7276	292	22723	
GSE12421	http://www.ebi.ac.uk/efo/EFO_0022397	http://www.ebi.ac.uk/efo/EFO_0022397	http://www.ebi.ac.uk/efo/EFO_0001340,http://www.ebi.ac.uk/efo/EFO_0022397	1	0	0	True	False	7462	181	22723	
GSE6904	http://www.ebi.ac.uk/efo/EFO_0022397	http://www.ebi.ac.uk/efo/EFO_0022397	http://www.ebi.ac.uk/efo/EFO_0022397	1	0	0	True	True	5635	157	22723	
GSE17794	http://www.ebi.ac.uk/efo/EFO_0001340	http://www.ebi.ac.uk/efo/EFO_0001340	http://www.ebi.ac.uk/efo/EFO_0001340	1	0	0	True	True	13157	159	22723	
GSE254970	http://gemma.msl.ubc.ca/ont/TGEMO_00039	http://gemma.msl.ubc.ca/ont/TGEMO_00040,http://gemma.msl.ubc.ca/ont/TGEMO_00173	http://gemma.msl.ubc.ca/ont/TGEMO_00039,http://gemma.msl.ubc.ca/ont/TGEMO_00173	0	2	1	False	False	39515	353	22723	
GSE189118	http://www.ebi.ac.uk/efo/EFO_0022397	http://www.ebi.ac.uk/efo/EFO_0022397	http://www.ebi.ac.uk/efo/EFO_0022397	1	0	0	True	True	16733	134	22723	
GSE79951	http://www.ebi.ac.uk/efo/EFO_0022397	http://www.ebi.ac.uk/efo/EFO_0022397	http://www.ebi.ac.uk/efo/EFO_0005181	1	0	0	True	False	9931	133	22723	
GSE205759	http://www.ebi.ac.uk/efo/EFO_0011030	http://www.ebi.ac.uk/efo/EFO_0011030	http://www.ebi.ac.uk/efo/EFO_0007732	1	0	0	True	False	9002	163	22723	
GSE163770	http://www.ebi.ac.uk/efo/EFO_0000606	http://www.ebi.ac.uk/efo/EFO_0000606	http://www.ebi.ac.uk/efo/EFO_0000606	1	0	0	True	True	9898	126	22723	
GSE130705	http://www.ebi.ac.uk/efo/EFO_0022397	http://www.ebi.ac.uk/efo/EFO_0022397	http://www.ebi.ac.uk/efo/EFO_0022397	1	0	0	True	True	13406	106	22723	
GSE210600	http://www.ebi.ac.uk/efo/EFO_0022397	http://www.ebi.ac.uk/efo/EFO_0000606	http://www.ebi.ac.uk/efo/EFO_0000606	0	1	1	False	False	24830	138	22723	
GSE85576	http://www.ebi.ac.uk/efo/EFO_0000606	http://www.ebi.ac.uk/efo/EFO_0000606	http://www.ebi.ac.uk/efo/EFO_0000606	1	0	0	True	True	11664	107	22723	
GSE25178	http://www.ebi.ac.uk/efo/EFO_0022397	http://www.ebi.ac.uk/efo/EFO_0022397	http://www.ebi.ac.uk/efo/EFO_0022397	1	0	0	True	True	1703	105	22723	
GSE267594	http://www.ebi.ac.uk/efo/EFO_0022397	http://www.ebi.ac.uk/efo/EFO_0022397	http://www.ebi.ac.uk/efo/EFO_0022397	1	0	0	True	True	2889	104	22723	
GSE27888	http://www.ebi.ac.uk/efo/EFO_0022397	http://www.ebi.ac.uk/efo/EFO_0022397	http://www.ebi.ac.uk/efo/EFO_0022397	1	0	0	True	True	3701	106	22723	
GSE240788	http://www.ebi.ac.uk/efo/EFO_0022397	http://www.ebi.ac.uk/efo/EFO_0022397	http://www.ebi.ac.uk/efo/EFO_0022397	1	0	0	True	True	9123	105	22723	
GSE10634	http://www.ebi.ac.uk/efo/EFO_0000606,http://www.ebi.ac.uk/efo/EFO_0022397	http://www.ebi.ac.uk/efo/EFO_0000606	http://www.ebi.ac.uk/efo/EFO_0000606	1	0	1	False	False	5910	133	22723	
GSE58368	http://www.ebi.ac.uk/efo/EFO_0000606	http://www.ebi.ac.uk/efo/EFO_0000606	http://www.ebi.ac.uk/efo/EFO_0000606	1	0	0	True	True	10076	106	22723	
GSE44944	http://www.ebi.ac.uk/efo/EFO_0000606	http://www.ebi.ac.uk/efo/EFO_0000606	http://www.ebi.ac.uk/efo/EFO_0000606	1	0	0	True	True	5211	151	22723	
GSE16496	http://www.ebi.ac.uk/efo/EFO_0000602	http://www.ebi.ac.uk/efo/EFO_0000602	http://www.ebi.ac.uk/efo/EFO_0000602	1	0	0	True	True	19593	132	22723	
GSE62385	http://www.ebi.ac.uk/efo/EFO_0022397	http://www.ebi.ac.uk/efo/EFO_0000606	http://www.ebi.ac.uk/efo/EFO_0022397	0	1	1	False	True	7366	134	22723	
GSE75878	http://www.ebi.ac.uk/efo/EFO_0005180	http://www.ebi.ac.uk/efo/EFO_0005180	http://www.ebi.ac.uk/efo/EFO_0005180	1	0	0	True	True	9896	133	22723	
GSE95740	http://www.ebi.ac.uk/efo/EFO_0000606,http://www.ebi.ac.uk/efo/EFO_0022397	http://www.ebi.ac.uk/efo/EFO_0000606	http://www.ebi.ac.uk/efo/EFO_0000606	1	0	1	False	False	55870	142	22723	
GSE193409	http://www.ebi.ac.uk/efo/EFO_0005180	http://www.ebi.ac.uk/efo/EFO_0005180	http://www.ebi.ac.uk/efo/EFO_0005180	1	0	0	True	True	14139	127	22723	
GSE60905	http://www.ebi.ac.uk/efo/EFO_0022397	http://www.ebi.ac.uk/efo/EFO_0022397	http://www.ebi.ac.uk/efo/EFO_0005181	1	0	0	True	False	12734	105	22723	
GSE164610	http://www.ebi.ac.uk/efo/EFO_0022397	http://www.ebi.ac.uk/efo/EFO_0022397	http://www.ebi.ac.uk/efo/EFO_0022397	1	0	0	True	True	11226	105	22723	
GSE197104	http://www.ebi.ac.uk/efo/EFO_0022397	http://www.ebi.ac.uk/efo/EFO_0022397	http://www.ebi.ac.uk/efo/EFO_0022397	1	0	0	True	True	2295	105	22723	
GSE260701	http://www.ebi.ac.uk/efo/EFO_0022397			0	0	1	False	False	3419	42	22723	
GSE40155	http://www.ebi.ac.uk/efo/EFO_0022397	http://www.ebi.ac.uk/efo/EFO_0022397	http://www.ebi.ac.uk/efo/EFO_0022397	1	0	0	True	True	3042	106	22723	
GSE11680	http://www.ebi.ac.uk/efo/EFO_0000602	http://www.ebi.ac.uk/efo/EFO_0000602	http://www.ebi.ac.uk/efo/EFO_0000602	1	0	0	True	True	4854	132	22723	
GSE43566	http://www.ebi.ac.uk/efo/EFO_0022467	http://www.ebi.ac.uk/efo/EFO_0022467,http://www.ebi.ac.uk/efo/EFO_0022484	http://www.ebi.ac.uk/efo/EFO_0022467,http://www.ebi.ac.uk/efo/EFO_0022484	1	1	0	False	False	10783	220	22723	
GSE198205	http://www.ebi.ac.uk/efo/EFO_0022397	http://www.ebi.ac.uk/efo/EFO_0007732	http://www.ebi.ac.uk/efo/EFO_0022397	0	1	1	False	True	8559	155	22723	
GSE227002	http://www.ebi.ac.uk/efo/EFO_0022397	http://gemma.msl.ubc.ca/ont/TGEMO_00174,http://www.ebi.ac.uk/efo/EFO_0022397	http://www.ebi.ac.uk/efo/EFO_0022397	1	1	0	False	True	2395	224	22723	
GSE17160	http://www.ebi.ac.uk/efo/EFO_0000602	http://www.ebi.ac.uk/efo/EFO_0000602	http://www.ebi.ac.uk/efo/EFO_0000602	1	0	0	True	True	7198	146	22723	
GSE214051	http://www.ebi.ac.uk/efo/EFO_0000606	http://www.ebi.ac.uk/efo/EFO_0000606	http://www.ebi.ac.uk/efo/EFO_0000606	1	0	0	True	True	27712	141	22723	
GSE58510	http://www.ebi.ac.uk/efo/EFO_0022397,http://www.ebi.ac.uk/efo/EFO_0022412	http://www.ebi.ac.uk/efo/EFO_0011017	http://www.ebi.ac.uk/efo/EFO_0030032	0	1	2	False	False	2350	108	22723	
GSE252779	http://www.ebi.ac.uk/efo/EFO_0000606	http://www.ebi.ac.uk/efo/EFO_0000606	http://www.ebi.ac.uk/efo/EFO_0000606	1	0	0	True	True	4391	108	22723	
GSE29082	http://www.ebi.ac.uk/efo/EFO_0022397	http://www.ebi.ac.uk/efo/EFO_0022397	http://www.ebi.ac.uk/efo/EFO_0000597,http://www.ebi.ac.uk/efo/EFO_0022397	1	0	0	True	False	5219	154	22723	
GSE168366	http://www.ebi.ac.uk/efo/EFO_0022397	http://www.ebi.ac.uk/efo/EFO_0022397	http://www.ebi.ac.uk/efo/EFO_0022397	1	0	0	True	True	3442	106	22723	
GSE120333	http://www.ebi.ac.uk/efo/EFO_0022397	http://www.ebi.ac.uk/efo/EFO_0022397	http://www.ebi.ac.uk/efo/EFO_0022397	1	0	0	True	True	13354	105	22723	
GSE76491	http://www.ebi.ac.uk/efo/EFO_0022397	http://www.ebi.ac.uk/efo/EFO_0022397	http://www.ebi.ac.uk/efo/EFO_0022397	1	0	0	True	True	8793	137	22723	
GSE27563	http://www.ebi.ac.uk/efo/EFO_0007728	http://www.ebi.ac.uk/efo/EFO_0007728	http://www.ebi.ac.uk/efo/EFO_0007728	1	0	0	True	True	50187	223	22723	
GSE165287	http://www.ebi.ac.uk/efo/EFO_0022397	http://www.ebi.ac.uk/efo/EFO_0000606	http://www.ebi.ac.uk/efo/EFO_0022397	0	1	1	False	True	47671	135	22723	
GSE8415	http://www.ebi.ac.uk/efo/EFO_0022397	http://www.ebi.ac.uk/efo/EFO_0022397	http://www.ebi.ac.uk/efo/EFO_0022397	1	0	0	True	True	19089	152	22723	
GSE143419	http://www.ebi.ac.uk/efo/EFO_0000606	http://www.ebi.ac.uk/efo/EFO_0000606	http://www.ebi.ac.uk/efo/EFO_0000606	1	0	0	True	True	40990	136	22723	
GSE63227	http://www.ebi.ac.uk/efo/EFO_0000606	http://www.ebi.ac.uk/efo/EFO_0000606	http://www.ebi.ac.uk/efo/EFO_0000606	1	0	0	True	True	8368	137	22723	
GSE18478	http://www.ebi.ac.uk/efo/EFO_0022397	http://www.ebi.ac.uk/efo/EFO_0022397	http://www.ebi.ac.uk/efo/EFO_0005181	1	0	0	True	False	4650	104	22723	
GSE126789	http://www.ebi.ac.uk/efo/EFO_0000606,http://www.ebi.ac.uk/efo/EFO_0022483	http://www.ebi.ac.uk/efo/EFO_0022397,http://www.ebi.ac.uk/efo/EFO_0022483	http://www.ebi.ac.uk/efo/EFO_0007728,http://www.ebi.ac.uk/efo/EFO_0022397	1	1	1	False	False	28133	239	22723	
GSE179078	http://www.ebi.ac.uk/efo/EFO_0022397	http://www.ebi.ac.uk/efo/EFO_0000606	http://www.ebi.ac.uk/efo/EFO_0000606	0	1	1	False	False	11638	136	22723	
GSE58720	http://www.ebi.ac.uk/efo/EFO_0022397	http://www.ebi.ac.uk/efo/EFO_0022397	http://www.ebi.ac.uk/efo/EFO_0022397	1	0	0	True	True	3242	105	22723	
GSE56473	http://www.ebi.ac.uk/efo/EFO_0022397	http://gemma.msl.ubc.ca/ont/TGEMO_00207,http://www.ebi.ac.uk/efo/EFO_0022397	http://gemma.msl.ubc.ca/ont/TGEMO_00207	1	1	0	False	False	8876	266	22723	
GSE149770	http://www.ebi.ac.uk/efo/EFO_0022397	http://www.ebi.ac.uk/efo/EFO_0022397	http://www.ebi.ac.uk/efo/EFO_0022397	1	0	0	True	True	4712	105	22723	
GSE197868	http://www.ebi.ac.uk/efo/EFO_0000602	http://www.ebi.ac.uk/efo/EFO_0000602	http://www.ebi.ac.uk/efo/EFO_0000602	1	0	0	True	True	17779	168	22723	
GSE16362	http://www.ebi.ac.uk/efo/EFO_0022397	http://www.ebi.ac.uk/efo/EFO_0022397	http://www.ebi.ac.uk/efo/EFO_0022397	1	0	0	True	True	6715	105	22723	
GSE152952	http://www.ebi.ac.uk/efo/EFO_0000606	http://www.ebi.ac.uk/efo/EFO_0000606	http://www.ebi.ac.uk/efo/EFO_0000606	1	0	0	True	True	12348	123	22723	
GSE229634	http://www.ebi.ac.uk/efo/EFO_0022397	http://www.ebi.ac.uk/efo/EFO_0000606	http://www.ebi.ac.uk/efo/EFO_0000606	0	1	1	False	False	12235	157	22723	
GSE136405	http://www.ebi.ac.uk/efo/EFO_0022397	http://www.ebi.ac.uk/efo/EFO_0007732	http://www.ebi.ac.uk/efo/EFO_0007732	0	1	1	False	False	5932	109	22723	
GSE64823	http://www.ebi.ac.uk/efo/EFO_0000597	http://www.ebi.ac.uk/efo/EFO_0000600	http://www.ebi.ac.uk/efo/EFO_0000597	0	1	1	False	True	7156	109	22723	
GSE61499	http://www.ebi.ac.uk/efo/EFO_0000597,http://www.ebi.ac.uk/efo/EFO_0022397			0	0	2	False	False	2204	42	22723	
GSE35206	http://www.ebi.ac.uk/efo/EFO_0022397	http://www.ebi.ac.uk/efo/EFO_0022397	http://www.ebi.ac.uk/efo/EFO_0022397	1	0	0	True	True	4118	129	22723	
GSE150694	http://www.ebi.ac.uk/efo/EFO_0000606	http://www.ebi.ac.uk/efo/EFO_0000606	http://www.ebi.ac.uk/efo/EFO_0000606	1	0	0	True	True	8178	107	22723	
